--
-- Table structure for table `carousel`
--

DROP TABLE IF EXISTS `carousel`;


CREATE TABLE `carousel` (
  `id` int(11) NOT NULL AUTO_INCREMENT,
  `title` varchar(180) DEFAULT NULL,
  `title_en` varchar(180) DEFAULT NULL,
  `description` text,
  `description_en` text,
  `url` varchar(255) DEFAULT NULL,
  `image` varchar(180) DEFAULT NULL,
  `background_color` varchar(50) NOT NULL,
  `status` int(2) NOT NULL COMMENT '0: deshabilitado, 1: Habilitado',
  `section` int(2) NOT NULL,
  PRIMARY KEY (`id`)
) ENGINE=InnoDB AUTO_INCREMENT=7 DEFAULT CHARSET=utf8;


--
-- Dumping data for table `carousel`
--

LOCK TABLES `carousel` WRITE;

INSERT INTO `carousel` VALUES (1,' JUEGOS CLÁSICOS','CLASSIC GAMES','Que la nostalgia te acompañe.\r\n\r\nAprender a ganar con deportividad se practica toda la vida, tengas 5 o 100 años... Entrena tu habilidad, tu picardía o tu agilidad mental con los juegos más nostálgicos de nuestra colección. ','May the nostalgia be with you. Learning to win with sportsmanship is practiced all your life, whether you have 5 or 100 years old... Train your skill, your playfulness or your mental agility with the most nostalgic games of our collection.','http://falomir.inkube.net/PRODUCTOS/C/13','slide_119265c0cb8976ea32.png','#99aed9',1,0),(2,'APRENDE Y DIVIÉRTETE','LEARN AND HAVE FUN','Aprender y divertirse es lo mismo con los juegos de mesa.\r\n\r\nDesde siempre, se aprende a compartir alrededor de una mesa y si es con nuestros juegos se aprende mucho mejor. Crea tus estrategias y machaca a la familia pero siempre con deportividad.','Learning and having fun is the same with tabletop games. Since ever, you learn to share around a table and if it is with our games you learn much better. Create your strategies and win all the family but always with sportsmanship.','http://falomir.inkube.net/PRODUCTOS/C/15','slide_218775c0cb91fa8f83.png','#cea5d0',1,0),(3,' JUEGOS DE HABILIDAD','HABILITY GAMES','Te encantará aprender así.\r\n\r\nPotenciar la creatividad, la estrategia, aprender sobre estructuras, mejorar la precisión, la psicomotricidad y además ¡pasarlo en grande! Si es que… los juegos de habilidad ¡lo tienen todo!','You will love learning like this. Enhance creativity, strategy, learn about structures, improve accuracy, psychomotor skills and also have a great time! So… skill games have everything!','http://falomir.inkube.net/PRODUCTOS/C/7','slide_970275c0cb9555fed6.png','#e4b34d',1,0),(4,' ÉCHALE MAGIA Y DIBI DIBADI DIBÚ','BE MAGIC AND DIBI DIBADI DIBU','Crecer, aprender, practicar y mejorar es el sueño de cualquier pequeño mago y con nuestro nuevo canal de magia lo tendrá muy fácil. Descubre todos los trucos de magia de la mano del mago Rafa Tamarit y los juegos de magia de Falomir. ','Growing, learning, practicing and improving is the dream of any little magician and with our new magic channel it will be very easy. Discover all the magic tricks along with the magician Rafa Tamarit and the magic games of Falomir.','http://falomir.inkube.net/PRODUCTOS/C/12','slide_434755c0cb98411cf2.png','#6cd8a9',1,0),(5,'JUEGOS CON MUCHO ARTE','GAMES WITH A LOT OF ART','Hay tantas posibilidades como colores tiene el mundo. Por eso, para desarrollar la creatividad, el pensamiento divergente y además pasar una tarde estupenda, nada mejor que nuestros juegos de manualidades. Un lienzo en blanco para que expresen todo lo que quieran.\r\n','There are as many possibilities as there are colors in the world. Therefore, to develop creativity, divergent thinking and also to spend a wonderful afternoon, nothing better than our craft games. A blank canvas to express everything you want.','http://falomir.inkube.net/PRODUCTOS/C/14','slide_733855c12570b7efbc.png','#546dc7',1,0),(6,'CLÁSICOS 3.0','CLASSICS 3.0','El bingo es uno de esos juegos de “toda la vida” que adoramos y con nuestra nueva App SMART BINGO no se nos pasará ni un número.','Bingo is one of those \"life-long\" games that we love and with our new SMART BINGO App we will not miss a number.','http://falomir.inkube.net/PRODUCTOS/C/13','slide_119265c0cb8976ea32.png','#99aed9',1,1);

UNLOCK TABLES;

--
-- Table structure for table `config_email`
--

DROP TABLE IF EXISTS `config_email`;


CREATE TABLE `config_email` (
  `id` int(11) NOT NULL AUTO_INCREMENT,
  `email` varchar(180) DEFAULT NULL,
  `host` text,
  `password` text CHARACTER SET latin1 COLLATE latin1_general_ci,
  `create_at` datetime NOT NULL,
  `update_at` datetime NOT NULL,
  PRIMARY KEY (`id`)
) ENGINE=InnoDB DEFAULT CHARSET=utf8;


--
-- Dumping data for table `config_email`
--

--
-- Table structure for table `contact_messages`
--

DROP TABLE IF EXISTS `contact_messages`;


CREATE TABLE `contact_messages` (
  `id` int(11) NOT NULL AUTO_INCREMENT,
  `name` varchar(255) COLLATE latin1_general_ci NOT NULL,
  `last_name` varchar(255) COLLATE latin1_general_ci NOT NULL,
  `email` varchar(180) COLLATE latin1_general_ci NOT NULL,
  `message` text COLLATE latin1_general_ci NOT NULL,
  `note` text COLLATE latin1_general_ci,
  `status` int(2) NOT NULL COMMENT '0: no leido, 1: Leido',
  `create_at` datetime NOT NULL,
  `update_at` datetime NOT NULL,
  PRIMARY KEY (`id`)
) ENGINE=InnoDB AUTO_INCREMENT=3 DEFAULT CHARSET=latin1 COLLATE=latin1_general_ci;


--
-- Dumping data for table `contact_messages`
--

LOCK TABLES `contact_messages` WRITE;

INSERT INTO `contact_messages` VALUES (1,'Ali','Guevara','sulvior@hotmail.coms','mensaje prueba',NULL,1,'2018-09-28 07:15:36','2018-09-28 07:15:36'),(2,'RUFI','eeeee','rufi@inkube.net','Prueba de contacto',NULL,1,'2018-10-02 10:08:38','2018-10-02 10:08:38');

UNLOCK TABLES;

--
-- Table structure for table `country`
--

DROP TABLE IF EXISTS `country`;


CREATE TABLE `country` (
  `id` int(11) NOT NULL AUTO_INCREMENT,
  `country` varchar(70) COLLATE utf8_unicode_ci NOT NULL,
  `country_index` varchar(10) COLLATE utf8_unicode_ci DEFAULT NULL,
  `code` varchar(10) COLLATE utf8_unicode_ci DEFAULT NULL,
  PRIMARY KEY (`id`)
) ENGINE=InnoDB AUTO_INCREMENT=241 DEFAULT CHARSET=utf8 COLLATE=utf8_unicode_ci;


--
-- Dumping data for table `country`
--

LOCK TABLES `country` WRITE;

INSERT INTO `country` VALUES (1,'Afganistán','AF','93'),(2,'Islas Gland','AX',NULL),(3,'Albania','AL','355'),(4,'Alemania','DE','49'),(5,'Andorra','AD','376'),(6,'Angola','AO','244'),(7,'Anguilla','AI',NULL),(8,'Antártida','AQ',NULL),(9,'Antigua y Barbuda','AG','1-268'),(10,'Antillas Holandesas','AN',NULL),(11,'Arabia Saudí','SA','966'),(12,'Argelia','DZ','213'),(13,'Argentina','AR','54'),(14,'Armenia','AM','374'),(15,'Aruba','AW','297'),(16,'Australia','AU','61'),(17,'Austria','AT','43'),(18,'Azerbaiyán','AZ',NULL),(19,'Bahamas','BS','1-242'),(20,'Bahréin','BH','973'),(21,'Bangladesh','BD','880'),(22,'Barbados','BB','1-246'),(23,'Bielorrusia','BY','375'),(24,'Bélgica','BE','32'),(25,'Belice','BZ','501'),(26,'Benin','BJ','229'),(27,'Bermudas','BM','1-441'),(28,'Bhután','BT',NULL),(29,'Bolivia','BO',NULL),(30,'Bosnia y Herzegovina','BA',NULL),(31,'Botsuana','BW',NULL),(32,'Isla Bouvet','BV',NULL),(33,'Brasil','BR',NULL),(34,'Brunéi','BN',NULL),(35,'Bulgaria','BG',NULL),(36,'Burkina Faso','BF',NULL),(37,'Burundi','BI',NULL),(38,'Cabo Verde','CV',NULL),(39,'Islas Caimán','KY',NULL),(40,'Camboya','KH',NULL),(41,'Camerún','CM',NULL),(42,'Canadá','CA',NULL),(43,'República Centroafricana','CF',NULL),(44,'Chad','TD',NULL),(45,'República Checa','CZ',NULL),(46,'Chile','CL',NULL),(47,'China','CN',NULL),(48,'Chipre','CY',NULL),(49,'Isla de Navidad','CX',NULL),(50,'Ciudad del Vaticano','VA',NULL),(51,'Islas Cocos','CC',NULL),(52,'Colombia','CO',NULL),(53,'Comoras','KM',NULL),(54,'República Democrática del Congo','CD',NULL),(55,'Congo','CG',NULL),(56,'Islas Cook','CK',NULL),(57,'Corea del Norte','KP',NULL),(58,'Corea del Sur','KR',NULL),(59,'Costa de Marfil','CI',NULL),(60,'Costa Rica','CR',NULL),(61,'Croacia','HR',NULL),(62,'Cuba','CU',NULL),(63,'Dinamarca','DK',NULL),(64,'Dominica','DM',NULL),(65,'República Dominicana','DO',NULL),(66,'Ecuador','EC',NULL),(67,'Egipto','EG',NULL),(68,'El Salvador','SV',NULL),(69,'Emiratos Árabes Unidos','AE',NULL),(70,'Eritrea','ER',NULL),(71,'Eslovaquia','SK',NULL),(72,'Eslovenia','SI',NULL),(73,'España','ES',NULL),(74,'Islas ultramarinas de Estados Unidos','UM',NULL),(75,'Estados Unidos','US',NULL),(76,'Estonia','EE',NULL),(77,'Etiopía','ET',NULL),(78,'Islas Feroe','FO',NULL),(79,'Filipinas','PH',NULL),(80,'Finlandia','FI',NULL),(81,'Fiyi','FJ',NULL),(82,'Francia','FR',NULL),(83,'Gabón','GA',NULL),(84,'Gambia','GM',NULL),(85,'Georgia','GE',NULL),(86,'Islas Georgias del Sur y Sandwich del Sur','GS',NULL),(87,'Ghana','GH',NULL),(88,'Gibraltar','GI',NULL),(89,'Granada','GD',NULL),(90,'Grecia','GR',NULL),(91,'Groenlandia','GL',NULL),(92,'Guadalupe','GP',NULL),(93,'Guam','GU',NULL),(94,'Guatemala','GT',NULL),(95,'Guayana Francesa','GF',NULL),(96,'Guinea','GN',NULL),(97,'Guinea Ecuatorial','GQ',NULL),(98,'Guinea-Bissau','GW',NULL),(99,'Guyana','GY',NULL),(100,'Haití','HT',NULL),(101,'Islas Heard y McDonald','HM',NULL),(102,'Honduras','HN',NULL),(103,'Hong Kong','HK',NULL),(104,'Hungría','HU',NULL),(105,'India','IN',NULL),(106,'Indonesia','ID',NULL),(107,'Irán','IR',NULL),(108,'Iraq','IQ',NULL),(109,'Irlanda','IE',NULL),(110,'Islandia','IS',NULL),(111,'Israel','IL',NULL),(112,'Italia','IT',NULL),(113,'Jamaica','JM',NULL),(114,'Japón','JP',NULL),(115,'Jordania','JO',NULL),(116,'Kazajstán','KZ',NULL),(117,'Kenia','KE',NULL),(118,'Kirguistán','KG',NULL),(119,'Kiribati','KI',NULL),(120,'Kuwait','KW',NULL),(121,'Laos','LA',NULL),(122,'Lesotho','LS',NULL),(123,'Letonia','LV',NULL),(124,'Líbano','LB',NULL),(125,'Liberia','LR',NULL),(126,'Libia','LY',NULL),(127,'Liechtenstein','LI',NULL),(128,'Lituania','LT',NULL),(129,'Luxemburgo','LU',NULL),(130,'Macao','MO',NULL),(131,'ARY Macedonia','MK',NULL),(132,'Madagascar','MG',NULL),(133,'Malasia','MY',NULL),(134,'Malawi','MW',NULL),(135,'Maldivas','MV',NULL),(136,'Malí','ML',NULL),(137,'Malta','MT',NULL),(138,'Islas Malvinas','FK',NULL),(139,'Islas Marianas del Norte','MP',NULL),(140,'Marruecos','MA',NULL),(141,'Islas Marshall','MH',NULL),(142,'Martinica','MQ',NULL),(143,'Mauricio','MU',NULL),(144,'Mauritania','MR',NULL),(145,'Mayotte','YT',NULL),(146,'México','MX',NULL),(147,'Micronesia','FM',NULL),(148,'Moldavia','MD',NULL),(149,'Mónaco','MC',NULL),(150,'Mongolia','MN',NULL),(151,'Montserrat','MS',NULL),(152,'Mozambique','MZ',NULL),(153,'Myanmar','MM',NULL),(154,'Namibia','NA',NULL),(155,'Nauru','NR',NULL),(156,'Nepal','NP',NULL),(157,'Nicaragua','NI',NULL),(158,'Níger','NE',NULL),(159,'Nigeria','NG',NULL),(160,'Niue','NU',NULL),(161,'Isla Norfolk','NF',NULL),(162,'Noruega','NO',NULL),(163,'Nueva Caledonia','NC',NULL),(164,'Nueva Zelanda','NZ',NULL),(165,'Omán','OM',NULL),(166,'Países Bajos','NL',NULL),(167,'Pakistán','PK',NULL),(168,'Palau','PW',NULL),(169,'Palestina','PS',NULL),(170,'Panamá','PA',NULL),(171,'Papúa Nueva Guinea','PG',NULL),(172,'Paraguay','PY',NULL),(173,'Perú','PE',NULL),(174,'Islas Pitcairn','PN',NULL),(175,'Polinesia Francesa','PF',NULL),(176,'Polonia','PL',NULL),(177,'Portugal','PT',NULL),(178,'Puerto Rico','PR',NULL),(179,'Qatar','QA',NULL),(180,'Reino Unido','GB',NULL),(181,'Reunión','RE',NULL),(182,'Ruanda','RW',NULL),(183,'Rumania','RO',NULL),(184,'Rusia','RU',NULL),(185,'Sahara Occidental','EH',NULL),(186,'Islas Salomón','SB',NULL),(187,'Samoa','WS',NULL),(188,'Samoa Americana','AS',NULL),(189,'San Cristóbal y Nevis','KN',NULL),(190,'San Marino','SM',NULL),(191,'San Pedro y Miquelón','PM',NULL),(192,'San Vicente y las Granadinas','VC',NULL),(193,'Santa Helena','SH',NULL),(194,'Santa Lucía','LC',NULL),(195,'Santo Tomé y Príncipe','ST',NULL),(196,'Senegal','SN',NULL),(197,'Serbia y Montenegro','CS',NULL),(198,'Seychelles','SC',NULL),(199,'Sierra Leona','SL',NULL),(200,'Singapur','SG',NULL),(201,'Siria','SY',NULL),(202,'Somalia','SO',NULL),(203,'Sri Lanka','LK',NULL),(204,'Suazilandia','SZ',NULL),(205,'Sudáfrica','ZA',NULL),(206,'Sudán','SD',NULL),(207,'Suecia','SE',NULL),(208,'Suiza','CH',NULL),(209,'Surinam','SR',NULL),(210,'Svalbard y Jan Mayen','SJ',NULL),(211,'Tailandia','TH',NULL),(212,'Taiwán','TW',NULL),(213,'Tanzania','TZ',NULL),(214,'Tayikistán','TJ',NULL),(215,'Territorio Británico del Océano Índico','IO',NULL),(216,'Territorios Australes Franceses','TF',NULL),(217,'Timor Oriental','TL',NULL),(218,'Togo','TG',NULL),(219,'Tokelau','TK',NULL),(220,'Tonga','TO',NULL),(221,'Trinidad y Tobago','TT',NULL),(222,'Túnez','TN',NULL),(223,'Islas Turcas y Caicos','TC',NULL),(224,'Turkmenistán','TM',NULL),(225,'Turquía','TR',NULL),(226,'Tuvalu','TV',NULL),(227,'Ucrania','UA',NULL),(228,'Uganda','UG',NULL),(229,'Uruguay','UY',NULL),(230,'Uzbekistán','UZ',NULL),(231,'Vanuatu','VU',NULL),(232,'Venezuela','VE','58'),(233,'Vietnam','VN',NULL),(234,'Islas Vírgenes Británicas','VG',NULL),(235,'Islas Vírgenes de los Estados Unidos','VI',NULL),(236,'Wallis y Futuna','WF',NULL),(237,'Yemen','YE',NULL),(238,'Yibuti','DJ',NULL),(239,'Zambia','ZM',NULL),(240,'Zimbabue','ZW',NULL);

UNLOCK TABLES;

--
-- Table structure for table `language`
--

DROP TABLE IF EXISTS `language`;


CREATE TABLE `language` (
  `id` int(11) NOT NULL AUTO_INCREMENT,
  `name` varchar(180) COLLATE latin1_general_ci NOT NULL,
  `index` varchar(20) COLLATE latin1_general_ci DEFAULT NULL,
  PRIMARY KEY (`id`)
) ENGINE=InnoDB AUTO_INCREMENT=6 DEFAULT CHARSET=latin1 COLLATE=latin1_general_ci;


--
-- Dumping data for table `language`
--

LOCK TABLES `language` WRITE;

INSERT INTO `language` VALUES (1,'Ingles','EN'),(2,' Español','ES'),(3,'Português','PR'),(4,'Français','FR'),(5,'Italiano','IT');

UNLOCK TABLES;

--
-- Table structure for table `news`
--

DROP TABLE IF EXISTS `news`;


CREATE TABLE `news` (
  `id` int(11) NOT NULL AUTO_INCREMENT,
  `title` varchar(255) COLLATE latin1_general_ci NOT NULL,
  `title_en` varchar(255) COLLATE latin1_general_ci DEFAULT NULL,
  `description` longtext COLLATE latin1_general_ci NOT NULL,
  `description_en` longtext COLLATE latin1_general_ci,
  `cover_image` varchar(180) COLLATE latin1_general_ci DEFAULT NULL,
  `image` varchar(180) COLLATE latin1_general_ci NOT NULL,
  `category_id` int(11) DEFAULT NULL,
  `create_at` datetime NOT NULL,
  `update_at` datetime NOT NULL,
  `relevance` int(11) NOT NULL,
  `status` varchar(2) COLLATE latin1_general_ci NOT NULL,
  PRIMARY KEY (`id`),
  KEY `category_id` (`category_id`),
  CONSTRAINT `news_ibfk_1` FOREIGN KEY (`category_id`) REFERENCES `news_category` (`id`) ON DELETE SET NULL ON UPDATE CASCADE
) ENGINE=InnoDB AUTO_INCREMENT=10 DEFAULT CHARSET=latin1 COLLATE=latin1_general_ci;


--
-- Dumping data for table `news`
--

LOCK TABLES `news` WRITE;

INSERT INTO `news` VALUES (6,'¿PUEDO JUGAR CONTIGO?','CAN I PLAY WITH YOU?','<p>&iquest;Qui&eacute;n no recuerda esa frase?<br />\r\nEn Falomir Juegos lo tenemos muy claro y por eso nos dedicamos a ello. Sabemos que JUGAR es la mejor forma de hacer amigos. Por eso es un buen momento para recordar a todos los peques que se incorporan, por primera vez, al cole en el ciclo de infantil o los que pisan un colegio nuevo, que la mejor forma de hacer amistades, la m&aacute;s desenvuelta y desinhibida es a trav&eacute;s del juego.</p>\r\n\r\n<p>En las clases del primer trimestre seguro que el/la profe plantea alg&uacute;n momento para juegos y bien por grupos o parejas, seg&uacute;n sea el caso, pone a vuestra disposici&oacute;n algunos juegos de mesa. De esos que se corresponden con vuestra edad (a partir de 5 a&ntilde;os) y que adem&aacute;s de romper la rutina de clases os permiten pasar un rato divertido, conoceros mejor y demostrar vuestras habilidades: rapidez, pulso, memoria, agilidad&hellip;</p>\r\n\r\n<p>Y en Falomir Juegos se nos ocurre una larga lista de juegos: Sillas, Toco Tronco, Cerditos Glotones, Tostadora Loca, Torre de Ratones, Frutti Frutti o Pincha el Pirata, entre otros muchos.</p>\r\n\r\n<p>Toda una serie de juegos que exigen habilidad f&iacute;sica y mental, pero que, sobre todo, te van a servir para conocer mejor a tus compis y pasar un rato divertido.</p>\r\n\r\n<p>Seguro que si un d&iacute;a el profe propone que al d&iacute;a siguiente llev&eacute;is alg&uacute;n juego de mesa, ya ver&aacute;s como escuchas esa pregunta que puede suponer el principio de una gran amistad: &iquest;Puedo jugar contigo?&nbsp;&nbsp;&nbsp;&nbsp;&nbsp;&nbsp;&nbsp;&nbsp;</p>\r\n','<p>Who does not remember that phrase?<br />\r\nIn Falomir Games we have it very clear and that is why we dedicate ourselves to it. We know that PLAY is the best way to make friends. That is why it is a good time to remember all the children who join, for the first time, the school in the cycle of children or those who visit a new school, that the best way to make friends, the most relaxed and uninhibited is to through the game.</p>\r\n\r\n<p>In the classes of the first quarter sure that the / the professor raises some time for games and well for groups or couples, according to the case, puts at your disposal some board games. Of those that correspond to your age (from 5 years old) and that in addition to breaking the routine of classes allow you to have a fun time, get to know yourself better and demonstrate your skills: speed, pulse, memory, agility ...</p>\r\n\r\n<p>And Falomir Games comes up with a long list of games: Chairs, Toco Trunk, Wolverine Pigs, Crazy Toaster, Mice Tower, Frutti Frutti or Punct the Pirate, among many others.</p>\r\n\r\n<p>A whole series of games that demand physical and mental ability, but above all, they will serve you to get to know your competitors better and have a fun time.</p>\r\n\r\n<p>Surely if one day the teacher proposes that the next day take a board game, you&#39;ll see how you hear that question that can be the beginning of a great friendship: Can I play with you?</p>\r\n','ADM001_cover_91345bacba9e300ae.jpeg','banner_631265bacbacb11d4a.jpeg',7,'2019-05-19 16:38:22','2019-05-20 00:17:14',3,'1'),(7,'¡HAZ MAGIA EN EL COLE!','MAKE MAGIC IN THE COLE!','<p>Est&aacute; claro que con el t&iacute;tulo de este post igual nos hemos venido arriba pero no queremos que se nos malinterprete. Tampoco queremos que hagas desaparecer en el cole al profe o la asignatura que no te guste o realizar un truco para que se alargue m&aacute;s el tiempo de recreo. No, seamos serios, lo que queremos es que pongas en pr&aacute;ctica todo lo que has adelantado estos meses y sorprendas a tus compis.</p>\r\n\r\n<p>Aprovecha que tras un verano en el que te has iniciado con el juego de magia que te regalaron y la ayuda del canal de YouTube que en Falomir Juegos hemos creado, ahora tienes la oportunidad de llegar al gran p&uacute;blico; si, nos referimos a los compis de clase, incluso a tu profe de pl&aacute;stica, porque desde luego, la magia es una actividad que puede y debe ser representada con una gran belleza pl&aacute;stica.</p>\r\n\r\n<p>Ahora que las clases son tan participativas y en las que se estimulan habilidades y talento, seguro que en alg&uacute;n momento de este primer trimestre tienes la oportunidad de sorprender con esta nueva habilidad que est&aacute;s perfeccionando. Pres&eacute;ntate ante tu auditorio y cuando llegue tu turno, simplemente les dices: &lsquo;Yo voy a hacer magia&rsquo;. Seguro que tu anuncio ya generar&aacute; sorpresa. Escoge un par de trucos que hayas ensayado bien, prueba con algo f&aacute;cil, por ejemplo, alg&uacute;n truco de cartas que, de repente, salen de la nada o recurre al truco de las bolas que cambian de color. Ya ver&aacute;s a cuantos dejas con la boca abierta, incluso puede que a tu profe.</p>\r\n\r\n<p>Desde luego, es una buena manera de arrancar el curso, seguro que haces amigos nuevos interesados en conocer tus trucos y qui&eacute;n sabe, igual hasta te sale un/a partenaire que se convertir&aacute; en tu pareja y guardar&aacute; bien todos tus secretos.&nbsp;</p>\r\n\r\n<p>&iexcl;Pasen y vean!</p>\r\n','<p>It is clear that with the title of this post we still have come up but we do not want to be misunderstood. Nor do we want you to make the teacher or the subject you do not like disappear in the school or perform a trick to lengthen the time of recess. No, let&#39;s be serious, what we want is for you to put into practice everything you have advanced these months and surprise your competitors.</p>\r\n\r\n<p>Take advantage of that after a summer in which you have started with the magic game that they gave you and the help of the YouTube channel that we have created in Falomir Games, now you have the opportunity to reach the general public; yes, we refer to the class compis, even to your plastic teacher, because of course, magic is an activity that can and should be represented with a great plastic beauty.</p>\r\n\r\n<p>Now that the classes are so participatory and in which skills and talent are stimulated, I am sure that at some point in this first quarter you have the opportunity to surprise with this new skill that you are perfecting. Introduce yourself to your audience and when your turn comes, you simply say: &#39;I am going to do magic&#39;. Surely your ad will already generate surprise. Choose a couple of tricks that you have rehearsed well, try something easy, for example, some trick of cards that suddenly come out of nowhere or resort to the trick of the balls that change color. You will see how many you leave with your mouth open, maybe even your teacher.</p>\r\n\r\n<p>Of course, it&#39;s a good way to start the course, sure you make new friends interested in knowing your tricks and who knows, even until you get a partner that will become your partner and keep all your secrets well.</p>\r\n\r\n<p>Come and see!</p>\r\n','ADM001_cover_263825bacbb46163f7.jpeg','banner_125245bacbb6faed4f.jpeg',7,'2019-05-19 16:38:59','2019-05-20 00:17:14',2,'1'),(8,'TerroRISAS','TerroRISAS','<p>Se acerca la &eacute;poca del a&ntilde;o en la que los personajes m&aacute;s terror&iacute;ficos pueblan nuestras casas. No, no es el verano con los peques de vacaciones, es&hellip; &iexcl;Halloween! MUAJAJAJAJA</p>\r\n\r\n<p>Para tener a todos animados y entretenidos y en familia os proponemos varias ideas s&uacute;per divertidas:</p>\r\n\r\n<p><strong>Decorar</strong></p>\r\n\r\n<p>Una manera chupada de decorar gastando poco es pintar globos con caras monstruosas y colgarlos por las esquinas. Usa la imaginaci&oacute;n para inspirarte (vale, puedes &laquo;guglear&raquo; algo tambi&eacute;n) y deja que ara&ntilde;as, vampiros y calabazas horribles decoren las habitaciones.</p>\r\n\r\n<p><strong>Jugar</strong></p>\r\n\r\n<p>Los zombies se han adue&ntilde;ado del barrio, &iquest;acabamos con ellos? Desde los cuatro a&ntilde;itos, los peques Cazazombies pueden entrenar su destreza apuntando a los seres m&aacute;s temidos. No subestimes su punter&iacute;a y esconde los jarrones&hellip;!</p>\r\n\r\n<p><strong>Cocinar</strong></p>\r\n\r\n<p>Con una manzana golden cortada en gajos en forma de boca y peque&ntilde;os trozos de almendra cortados, como dientes, podemos hacer estos bocados monstruosos.</p>\r\n\r\n<p>&iquest;Alguien dijo miedo?</p>\r\n','<p>The time of year is approaching in which the most terrifying characters populate our homes. No, it&#39;s not summer with the kids on vacation, it&#39;s ... Halloween! MUAJAJAJAJAJA</p>\r\n\r\n<p>To have everyone animated and entertained and in the family, we propose several super fun ideas:</p>\r\n\r\n<p>Decorate</p>\r\n\r\n<p>One way to decorate by spending little money is to paint balloons with monstrous faces and hang them around the corners. Use your imagination to inspire you (okay, you can &quot;guggle&quot; something too) and let horrible spiders, vampires and gourds decorate the rooms.</p>\r\n\r\n<p>To play</p>\r\n\r\n<p>The zombies have taken over the neighborhood, are we done with them? From the age of four, the little Cazazombies can train their skills by pointing to the most feared beings. Do not underestimate his aim and hide the vases ...!</p>\r\n\r\n<p>Cook</p>\r\n\r\n<p>With a golden apple cut into segments in the shape of a mouth and small pieces of almond cut, like teeth, we can make these monstrous morsels.</p>\r\n\r\n<p>Did someone say fear?</p>\r\n','ADM001_cover_412395c0fc6fcccc92.jpeg','banner_364145c0fc6e5a780b.jpeg',6,'2019-05-19 16:39:40','2019-05-20 00:17:12',1,'1'),(9,'JUEGA Y DESATA TU IMAGINACIÓN','PLAY AND UNLEASH YOUR IMAGINATION','<p>Todos sabemos que los libros, un buen libro, es un buen elemento para &lsquo;hacer volar nuestra imaginaci&oacute;n&rsquo;. Pero tambi&eacute;n es verdad que los juguetes, los juegos de mesa, de manualidades, de cartas, de magia, cualesquiera que se os ocurra, tienen todos algo en com&uacute;n: potencian la imaginaci&oacute;n. Y dicho as&iacute; puede parecer algo simple, trivial, balad&iacute;&hellip; y nos estar&iacute;amos equivocando de cabo a rabo.&nbsp;<br />\r\nLa imaginaci&oacute;n es lo que mueve el mundo y nos ha permitido hasta la fecha que sea como lo conocemos.&nbsp;<br />\r\nY si encima recordamos al gran Julio Verne cuando aseguraba que: &lsquo;Todo lo que est&aacute; dentro de los l&iacute;mites de lo posible, debe y ser&aacute; conseguido&rsquo;. &iquest;A qu&eacute; ya no nos parece algo tan superfluo?<br />\r\nLa imaginaci&oacute;n es un proceso creativo por el cual podemos representar mentalmente sucesos, historias o im&aacute;genes de cosas que no existen en la realidad o que son o fueron reales, pero no est&aacute;n presentes. La imaginaci&oacute;n es la capacidad o facilidad para concebir ideas, proyectos o creaciones innovadoras.<br />\r\nY en edad temprana la imaginaci&oacute;n reposa en la actividad principal que debe realizar un ni&ntilde;o: jugar. Por eso, en Falomir Juegos, no nos vamos a poner m&aacute;s sesudos, ni vamos a desgranar m&aacute;s teor&iacute;as: juega, jugad, jueguen, juguemos todos y hagamos crecer nuestra imaginaci&oacute;n, para poder crecer con ella.</p>\r\n','<p>We all know that books, a good book, is a good element to &#39;make our imagination fly&#39;. But it is also true that toys, table games, crafts, cards, magic, whatever you can think of, all have something in common: they enhance the imagination. And saying so may seem simple, trivial, trivial ... and we would be wrong from beginning to end.<br />\r\nImagination is what moves the world and has allowed us to date to be as we know it.<br />\r\nAnd if above we remember the great Jules Verne when he said that: &#39;Everything that is within the limits of the possible, must and will be achieved&#39;. What does not seem so superfluous to us?<br />\r\nImagination is a creative process by which we can mentally represent events, stories or images of things that do not exist in reality or that are or were real, but are not present. Imagination is the ability or facility to conceive ideas, projects or innovative creations.<br />\r\nAnd at an early age the imagination rests on the main activity that a child must perform: play. For that reason, in Falomir Games, we are not going to get more brainy, nor are we going to shed more theories: play, play, play, let&#39;s all play and let our imagination grow, in order to grow with it.</p>\r\n','ADM001_cover_80585c0fc799cd181.jpeg','banner_575795c0fc7689dfbb.jpeg',9,'2019-05-19 16:40:13','2019-05-20 00:16:39',4,'1');

UNLOCK TABLES;

--
-- Table structure for table `news_category`
--

DROP TABLE IF EXISTS `news_category`;


CREATE TABLE `news_category` (
  `id` int(11) NOT NULL AUTO_INCREMENT,
  `name` varchar(255) COLLATE latin1_general_ci NOT NULL,
  `name_en` varchar(255) COLLATE latin1_general_ci DEFAULT NULL,
  PRIMARY KEY (`id`)
) ENGINE=InnoDB AUTO_INCREMENT=11 DEFAULT CHARSET=latin1 COLLATE=latin1_general_ci;


--
-- Dumping data for table `news_category`
--

LOCK TABLES `news_category` WRITE;

INSERT INTO `news_category` VALUES (6,'JUEGOS Y JUGUETES','GAMES AND TOYS'),(7,'LOS NIÑOS JUEGAN','CHILDREN PLAY'),(8,'MANUALIDADES','CRAFTS'),(9,'JUEGOS DE HABILIDAD','HABILITY GAMES'),(10,'TARDES DE JUEGOS','GAME AFTERNOONS');

UNLOCK TABLES;

--
-- Table structure for table `product_language`
--

DROP TABLE IF EXISTS `product_language`;


CREATE TABLE `product_language` (
  `id` int(11) NOT NULL AUTO_INCREMENT,
  `product_id` int(11) NOT NULL,
  `language_id` int(11) NOT NULL,
  PRIMARY KEY (`id`),
  KEY `product_id` (`product_id`),
  KEY `language_id` (`language_id`),
  CONSTRAINT `product_language_ibfk_1` FOREIGN KEY (`product_id`) REFERENCES `products` (`id`) ON DELETE CASCADE ON UPDATE CASCADE,
  CONSTRAINT `product_language_ibfk_2` FOREIGN KEY (`language_id`) REFERENCES `language` (`id`) ON DELETE CASCADE ON UPDATE CASCADE
) ENGINE=InnoDB AUTO_INCREMENT=945 DEFAULT CHARSET=latin1 COLLATE=latin1_general_ci;


--
-- Dumping data for table `product_language`
--

LOCK TABLES `product_language` WRITE;

INSERT INTO `product_language` VALUES (639,23,2),(640,23,4),(641,23,1),(642,23,5),(643,23,3),(644,24,2),(645,24,4),(646,24,1),(647,24,5),(648,24,3),(660,37,2),(661,37,4),(662,37,1),(663,37,3),(664,38,2),(665,38,4),(666,38,1),(667,38,3),(668,39,2),(669,39,4),(670,39,1),(671,39,3),(672,40,2),(673,40,4),(674,40,1),(675,40,3),(676,41,2),(677,41,4),(678,41,1),(679,41,3),(680,25,2),(681,25,4),(682,25,1),(683,25,3),(684,26,2),(685,26,4),(686,26,1),(687,26,3),(688,27,2),(689,27,4),(690,27,1),(691,27,3),(692,28,2),(693,28,4),(694,28,1),(695,28,3),(696,29,2),(697,29,4),(698,29,1),(699,29,3),(700,31,2),(701,31,4),(702,31,1),(703,31,3),(704,32,2),(705,32,4),(706,32,1),(707,32,3),(708,33,2),(709,33,4),(710,33,1),(711,33,3),(720,30,2),(721,30,4),(722,30,1),(723,30,3),(724,34,2),(725,34,4),(726,34,1),(727,34,3),(728,35,2),(729,35,4),(730,35,1),(731,35,3),(732,36,2),(733,36,4),(734,36,1),(735,36,3),(736,42,2),(737,42,4),(738,42,1),(739,42,3),(740,43,2),(741,43,4),(742,43,1),(743,43,3),(744,44,2),(745,44,4),(746,44,1),(747,44,3),(748,45,2),(749,45,4),(750,45,1),(751,45,3),(752,46,2),(753,46,4),(754,46,1),(755,46,3),(756,47,2),(757,47,4),(758,47,1),(759,47,3),(760,48,2),(761,48,4),(762,48,1),(763,48,3),(764,49,2),(765,49,4),(766,49,1),(767,49,3),(768,50,2),(769,50,4),(770,50,1),(771,50,3),(777,96,2),(778,96,4),(779,96,1),(780,96,5),(781,96,3),(799,51,2),(800,52,2),(802,54,2),(804,56,2),(805,57,2),(807,59,2),(808,59,3),(809,60,2),(810,61,2),(811,61,3),(812,62,2),(814,64,2),(815,65,2),(816,66,2),(817,67,2),(818,68,2),(819,69,2),(821,71,2),(822,72,2),(832,78,2),(833,78,4),(834,78,1),(835,78,5),(836,78,3),(837,79,2),(839,81,2),(840,82,2),(841,83,2),(842,84,2),(843,85,2),(844,86,2),(845,87,2),(847,89,2),(848,90,2),(849,91,2),(850,92,2),(851,93,2),(852,94,2),(856,103,2),(857,103,3),(858,104,2),(859,104,3),(860,98,2),(861,98,3),(862,99,2),(863,99,3),(864,100,2),(865,100,3),(866,101,2),(867,101,3),(868,102,2),(869,102,3),(870,108,2),(871,108,3),(874,105,2),(875,105,3),(876,106,2),(877,106,3),(886,88,2),(893,58,2),(894,80,2),(895,55,2),(896,53,2),(897,63,2),(900,21,2),(901,21,4),(902,21,1),(903,21,3),(914,22,2),(915,22,4),(916,22,1),(917,22,3),(918,97,2),(919,97,4),(920,97,1),(921,97,5),(922,97,3),(923,70,2),(924,77,2),(925,77,4),(926,77,1),(927,77,5),(928,77,3),(929,73,2),(930,74,2),(931,75,2),(932,76,2),(933,107,2),(934,107,3),(940,95,2),(941,95,4),(942,95,1),(943,95,5),(944,95,3);

UNLOCK TABLES;

--
-- Table structure for table `products`
--

DROP TABLE IF EXISTS `products`;


CREATE TABLE `products` (
  `id` int(11) NOT NULL AUTO_INCREMENT,
  `reference` varchar(180) COLLATE latin1_general_ci NOT NULL,
  `name` varchar(255) COLLATE latin1_general_ci NOT NULL,
  `age_range` varchar(255) COLLATE latin1_general_ci NOT NULL,
  `measurement` varchar(255) COLLATE latin1_general_ci NOT NULL,
  `content` text COLLATE latin1_general_ci NOT NULL,
  `content_en` text COLLATE latin1_general_ci,
  `description_1` longtext COLLATE latin1_general_ci NOT NULL,
  `description_2` longtext COLLATE latin1_general_ci NOT NULL,
  `description_1_en` longtext COLLATE latin1_general_ci,
  `description_2_en` longtext COLLATE latin1_general_ci,
  `cover_image` varchar(180) COLLATE latin1_general_ci DEFAULT NULL,
  `image_1` varchar(180) COLLATE latin1_general_ci DEFAULT NULL,
  `image_2` varchar(180) COLLATE latin1_general_ci DEFAULT NULL,
  `novelty_image` varchar(180) COLLATE latin1_general_ci DEFAULT NULL,
  `banner` varchar(255) COLLATE latin1_general_ci DEFAULT NULL,
  `product_logo` varchar(180) COLLATE latin1_general_ci DEFAULT NULL,
  `video` varchar(255) COLLATE latin1_general_ci DEFAULT NULL,
  `novelty` int(2) NOT NULL,
  `best_seller` int(2) NOT NULL,
  `category_id` int(11) DEFAULT NULL,
  `sub_category_id` int(11) DEFAULT NULL,
  `relevance` int(11) NOT NULL,
  `status` varchar(2) COLLATE latin1_general_ci NOT NULL,
  `create_at` datetime NOT NULL,
  `update_at` datetime NOT NULL,
  PRIMARY KEY (`id`),
  KEY `category_id` (`category_id`),
  CONSTRAINT `products_ibfk_1` FOREIGN KEY (`category_id`) REFERENCES `products_category` (`id`) ON DELETE NO ACTION ON UPDATE CASCADE
) ENGINE=InnoDB AUTO_INCREMENT=109 DEFAULT CHARSET=latin1 COLLATE=latin1_general_ci;


--
-- Dumping data for table `products`
--

LOCK TABLES `products` WRITE;

INSERT INTO `products` VALUES (21,'27921','BINGO BASIC AUTOMÁTICO','6','28 x 29 x 11','- 1 Bingo con extracción automática.\r\n- 48 cartones.\r\n- 90 bolas.\r\n- Fichas para tapar las casillas. ',NULL,'Versión básica de nuestro Bingo automático con 48 cartones y 90 bolas. Bingo compacto y con la base de plástico rígido.','Ahora podrás comprobar los cartones ganadores con tu móvil o tablet. Sólo has de descargar nuestra app gratuita para Android o iOS. Es totalmente opcional, no es necesaria para jugar a tu bingo de Falomir Juegos.',NULL,NULL,'ADM001_cover_2925ba9828cf183d.jpeg','gallery_954035ba9849e50ebd.jpeg','gallery_354435ba9849e51765.jpeg',NULL,NULL,NULL,NULL,0,0,13,2,21,'1','2018-10-11 01:56:52','2019-05-23 10:01:59'),(22,' 27922','BINGO ELÉCTRICO','12','27 x 24 x 17','1 Bingo con extracción automática.\r\n1 base para colocar las bolas.\r\n48 cartones.\r\n90 bolas.\r\nFichas para tapar las casillas.','1 Bingo with automatic extraction.\r\n1 base to place the balls.\r\n48 cartons.\r\n90 balls\r\nTokens to cover the boxes.','Versión electrónica del clásico Bingo. El bombo giratorio se pone en marcha cuando presionas el botón y está girando hasta que lo vuelves a presionar, mientras tanto van saliendo las bolas de una en una por la rampa.','Ahora podrás comprobar los cartones ganadores con tu móvil o tablet. Sólo has de descargar nuestra app gratuita para Android o iOS. Es totalmente opcional, no es necesaria para jugar a tu bingo de Falomir Juegos.','Electronic version of the classic Bingo. The revolving drum starts up when you press the button and it is turning until you press it again, while the balls come out one by one along the ramp.','Now you can check the winning cards with your mobile or tablet. You only have to download our free app for Android or iOS. It is totally optional, it is not necessary to play your Falomir Games bingo.','ADM001_cover_245735ba99e69b93d0.jpeg','gallery_195615ba99e983516f.jpeg','gallery_760165ba99e98357bc.jpeg',NULL,NULL,NULL,NULL,0,0,13,2,22,'1','2018-10-11 02:01:57','2019-05-23 10:02:01'),(23,' 23030','BINGO XXL Premium','12','34 x 41 x 17,5','48 cartones, 90 bolas, 1 base bombo, 1 bolsas fichas',NULL,'El juego de siempre no ha perdido su atractivo. Completa tus cartones y canta LÍNEA o BINGO. En este modelo XXL Premium sale una bola automáticamente en cada vuelta del bombo. Su tamaño y sus bolas imborrables lo hacen único en su género.','Ahora podrás comprobar los cartones ganadores con tu móvil o tablet. Sólo has de descargar nuestra app gratuita para Android o iOS. Es totalmente opcional, no es necesaria para jugar a tu bingo de Falomir Juegos.',NULL,NULL,'ADM001_cover_93085c199cb46f291.jpeg','gallery_154395ba9a18431d23.jpeg','gallery_194625ba9a18432410.png',NULL,NULL,NULL,NULL,0,0,13,2,23,'1','2018-10-11 02:01:28','2019-05-19 23:41:27'),(24,' 11519','Bingo - Lotto ','7','27 x 38,8 x 5,1','48 cartones, 90 fichas de madera, Tablero, Fichas plástico.',NULL,'Clásico BINGO LOTTO con fichas de madera, ¡¡coge tus cartones y a jugar!!','Ahora podrás comprobar los cartones ganadores con tu móvil o tablet. Sólo has de descargar nuestra app gratuita para Android o iOS. Es totalmente opcional, no es necesaria para jugar a tu bingo de Falomir Juegos.',NULL,NULL,'ADM001_cover_950225c199e5b36890.jpeg','gallery_776965ba9a301950ef.jpeg','gallery_764505ba9a30195a97.png',NULL,NULL,NULL,NULL,0,0,13,2,24,'1','2018-10-11 01:59:13','2019-05-19 23:41:14'),(25,' 27906','PARCHÍS OCA 33 cm. ','4','33 x 33 x 1','1 Tablero de 33 x 33 cm ',NULL,'Juego de Parchís y Oca. La medida del tablero es de 33 x 33cm.','-',NULL,NULL,'ADM001_cover_67895c19b68c14c24.jpeg','gallery_43455ba9a58172a3a.png','gallery_928815ba9a58172fc3.png',NULL,NULL,NULL,NULL,0,0,13,3,25,'1','2018-10-11 02:06:33','2019-05-19 23:42:18'),(26,' 27907','PARCHÍS AJEDREZ DAMAS 33 cm.','4','33 x 33 x 1','1 Tablero de 33 x 33 cm ',NULL,'Juego de Parchís y Ajedrez - Damas. La medida del tablero es de 33 x 33cm.','-',NULL,NULL,'ADM001_cover_487775c19b6cdc55d4.jpeg','gallery_14505ba9a62601c91.png','gallery_958135ba9a62602260.png',NULL,NULL,NULL,NULL,0,0,13,3,26,'1','2018-10-11 02:06:40','2019-05-19 23:42:16'),(27,' 27908','PARCHÍS OCA 40 cm. ','4','40 x 40 x 1','1 Tablero de 40 x 40 cm ',NULL,'-','-',NULL,NULL,'ADM001_cover_288625c19b72b0f120.jpeg','gallery_237695ba9a69b01d1b.png','gallery_151575ba9a69b02290.png',NULL,NULL,NULL,NULL,0,0,13,3,27,'1','2018-10-11 02:06:48','2019-05-19 23:42:16'),(28,'27909','AJEDREZ DAMAS 40 cm. ','4','40 x 40 x 1','1 Tablero de 40 x 40 cm ',NULL,'-','-',NULL,NULL,'ADM001_cover_155455c19b76b7ee7a.jpeg','gallery_11405ba9a6fe3a05b.png','gallery_639705ba9a6fe3a9a2.png',NULL,NULL,NULL,NULL,0,0,13,3,28,'1','2018-10-11 02:06:54','2019-05-19 23:42:14'),(29,' 27910','PARCHÍS 6 jugadores OCA 40 cm. ','4','40 x 40 x 1','1 Tablero de 40 x 40 cm ',NULL,'Juego de Parchís de 6 jugadores y Oca. La medida del tablero es de 40 x 40 cm.','',NULL,NULL,'ADM001_cover_143915c19b7a7a90da.jpeg','gallery_769085ba9a759e8fe2.png','gallery_849515ba9a759e9505.png',NULL,NULL,NULL,NULL,0,0,13,3,29,'1','2018-10-11 02:07:01','2019-05-19 23:42:14'),(30,' 27915','PARCHÍS OCA 40 cm. más Accesorios','4','33 x 33 x 4','1 Tablero de 40 x 40 cm\r\n1 cubilete rojo.\r\n1 cubilete verde.\r\n1 cubilete amarillo.\r\n1 cubilete azul.\r\n4 fichas rojas.\r\n4 fichas verdes.\r\n4 fichas amarillas.\r\n4 fichas azules.\r\n4 dados.\r\nCaja para guardar los accesorios. ',NULL,'Juego de Parchís y Oca con cubiletes, fichas y dados. La medida del tablero es de 40 x 40 cm. En el cartón que lo envuelve hay troquelada una caja que se monta para guardar los accesorios.','-',NULL,NULL,'ADM001_cover_608055c19b92d89e9a.jpeg','gallery_342585ba9a7df7a945.jpeg','gallery_497145ba9a7df7b0be.png',NULL,NULL,NULL,NULL,0,0,13,6,30,'1','2018-10-11 02:06:16','2019-05-19 23:42:11'),(31,' 27911','PARCHÍS 4 y 6 jugadores 40 cm. ','4','40 x 40 x 1','1 Tablero de 40 x 40 cm ',NULL,'Juego de Parchís y Oca. La medida del tablero es de 40 x 40 cm.','-',NULL,NULL,'ADM001_cover_105145c19b7f0dfdf4.jpeg','gallery_128725ba9a8ecd527c.png','gallery_184445ba9a8ecd5841.png',NULL,NULL,NULL,NULL,0,0,13,3,31,'1','2018-10-11 02:07:10','2019-05-19 23:42:13'),(32,' 27912','PARCHÍS CRISTAL - OCA 40 cm. ','2','44 x 44 x 2','1 Tablero de 44 x 44 cm',NULL,'Juego de Parchís con marco de madera y cristal protector. En la otra cara está el juego de la Oca, sin cristal. La medida del tablero es de 44 x 44 cm.\r\n','Este artículo no es un juguete.',NULL,NULL,'ADM001_cover_148955c19b81c803a3.jpeg','gallery_894375ba9a976534f4.jpeg','gallery_553165ba9a97653d2d.png',NULL,NULL,NULL,NULL,0,0,13,3,32,'1','2018-10-11 02:07:16','2019-05-19 23:42:13'),(33,' 27914','PARCHÍS Ajedrez Damas 33 cm. más Accesorios ','4','33 x 33 x 4','1 Tablero de 33 x 33 cm\r\n1 cubilete rojo.\r\n1 cubilete verde.\r\n1 cubilete amarillo.\r\n1 cubilete azul.\r\n4 fichas rojas.\r\n4 fichas verdes.\r\n4 fichas amarillas.\r\n4 fichas azules.\r\n4 dados.\r\n8 piezas ajedrez blancas.\r\n8 piezas ajedrez negras.\r\n12 fichas negras de damas.\r\n12 fichas blancas de damas.\r\nCaja para guardar los accesorios. ',NULL,'Juego de Parchís Ajedrez y Damas con cubiletes, fichas de parchís, dados, piezas de ajedrez y fichas de damas. La medida del tablero es de 33 x 33cm. En el cartón que lo envuelve hay troquelada una caja que se monta para guardar los accesorios.','-',NULL,NULL,'ADM001_cover_96885c19b85d34873.jpeg','gallery_224025ba9aa149e4ce.jpeg','gallery_76305ba9aa149eaa0.png',NULL,NULL,NULL,NULL,0,0,13,6,33,'1','2018-10-11 02:06:10','2019-05-19 23:42:12'),(34,' 27916','PARCHÍS 6 jugadores OCA 40 cm. más Accesorios ','4','33 x 33 x 4','1 Tablero de 40 x 40 cm\r\n1 cubilete rojo.\r\n1 cubilete verde.\r\n1 cubilete amarillo.\r\n1 cubilete azul.\r\n1 cubilete naranja.\r\n1 cubilete morado.\r\n4 fichas rojas.\r\n4 fichas verdes.\r\n4 fichas amarillas.\r\n4 fichas azules.\r\n4 fichas naranjas.\r\n4 fichas moradas.\r\n6 dados.\r\nCaja para guardar los accesorios. ',NULL,'Juego de Parchís para 6 jugadores y Oca con cubiletes, fichas y dados. La medida del tablero es de 40 x 40 cm. En el cartón que lo envuelve hay troquelada una caja que se monta para guardar los accesorios.','-',NULL,NULL,'ADM001_cover_105675c19b9d43b750.jpeg','gallery_578225ba9ab84dbf97.jpeg','gallery_749425ba9ab84dca0d.png',NULL,NULL,NULL,NULL,0,0,13,6,34,'1','2018-10-11 02:06:24','2019-05-19 23:42:11'),(35,'27917','Ajedrez Damas 40 cm. más Accesorios ','4','40 x 40 x 4','1 Tablero de 40 x 40 cm\r\n8 piezas ajedrez blancas.\r\n8 piezas ajedrez negras.\r\n12 fichas negras de damas.\r\n12 fichas blancas de damas.\r\nCaja para guardar los accesorios. ',NULL,'Juego de Ajedrez y Damas con piezas de ajedrez y fichas de damas. La medida del tablero es de 40 x 40 cm. En el cartón que lo envuelve hay troquelada una caja que se monta para guardar los accesorios.','',NULL,NULL,'ADM001_cover_666005c19ba34f26c7.jpeg','gallery_710565ba9ac5f3c054.jpeg','gallery_653195ba9ac5f3c7b8.png',NULL,NULL,NULL,NULL,0,0,13,6,35,'1','2018-10-11 02:07:55','2019-05-19 23:42:25'),(36,' 27923',' PARCHÍS AUTOMÁTICO OCA ','2','37 x 37 x 6','1 Tablero con parchís y 4 dados incrustados.\r\n1 dado para jugar a la oca.\r\n16 fichas (4 por color). ',NULL,'Con este Parchís automático de 40 x 40cm en el que cada jugador dispone de su tirador automático y su cajón para guardar las fichas, ¡nunca más perderás un dado! También puedes jugar a La Oca dándole la vuelta al tablero.','-',NULL,NULL,'ADM001_cover_292765c19bac022d81.jpeg','gallery_567035ba9ace8f24e5.jpeg','gallery_76845ba9ace8f2c0b.png',NULL,NULL,NULL,NULL,0,0,13,3,36,'1','2018-10-11 02:07:59','2019-05-19 23:42:21'),(37,' 27901','AJEDREZ MAGNÉTICO ','8','20 x 16 x 2','1 Tablero de 16 x 16 cm con tapa.\r\n16 piezas blancas.\r\n16 piezas negras.',NULL,'Juego de Ajedrez magnético ideal para viajes, gracias a su caja de plástico con tapa transparente se puede transportar con comodidad. La medida del tablero es de 16 x 16cm y las fichas son adecuadas para el tamaño de la cuadrícula del mismo.','',NULL,NULL,'ADM001_cover_761615c19b481de615.jpeg','gallery_444805ba9adba17b61.jpeg','gallery_268895ba9adba183e1.png',NULL,NULL,NULL,NULL,0,0,13,4,37,'1','2018-10-11 02:09:41','2019-05-19 23:42:04'),(38,' 27902','PARCHÍS MAGNÉTICO ','4','20 x 16 x 2','1 Tablero de 16 x 16 cm con tapa.\r\n4 fichas rojas.\r\n4 fichas verdes.\r\n4 fichas amarillas.\r\n4 fichas azules.',NULL,'Juego de Parchís magnético ideal para viajes, gracias a su caja de plástico con tapa transparente se puede transportar con comodidad. La medida del tablero es de 16 x 16cm y las fichas son adecuadas para el tamaño de las casillas del mismo.','-',NULL,NULL,'ADM001_cover_184505c19b51dbd9a2.jpeg','gallery_91915ba9ae2d50112.jpeg','gallery_581115ba9ae2d5067f.png',NULL,NULL,NULL,NULL,0,0,13,4,38,'1','2018-10-11 02:09:09','2019-05-19 23:42:04'),(39,'27903','OCA MAGNÉTICO ','4','20 x 16 x 2','1 Tablero de 16 x 16 cm con tapa.\r\n1 ficha roja.\r\n1 ficha verde.\r\n1 ficha amarilla.\r\n1 ficha azul.\r\n1 dado.',NULL,'Juego de La Oca magnético ideal para viajes, gracias a su caja de plástico con tapa transparente se puede transportar con comodidad. La medida del tablero es de 16 x 16cm y las fichas son adecuadas para el tamaño de las casillas del mismo.','-',NULL,NULL,'ADM001_cover_259535c19b57173921.jpeg','gallery_948145ba9aeaa94946.jpeg','gallery_282705ba9aeaa96e0d.png',NULL,NULL,NULL,NULL,0,0,13,4,39,'1','2018-10-11 02:09:12','2019-05-19 23:42:03'),(40,' 27904','DAMAS MAGNÉTICO ','4','20 x 16 x 2','1 Tablero de 16 x 16 cm con tapa.\r\n12 fichas blancas.\r\n12 fichas negras. ',NULL,'Juego de Las Damas magnético ideal para viajes, gracias a su caja de plástico con tapa transparente se puede transportar con comodidad. La medida del tablero es de 16 x 16cm y las fichas son adecuadas para el tamaño de las casillas del mismo.','-',NULL,NULL,'ADM001_cover_789405c19b5bc300a8.jpeg','gallery_395125ba9af167f89c.jpeg','gallery_432455ba9af168008e.png',NULL,NULL,NULL,NULL,0,0,13,4,40,'1','2018-10-11 02:09:19','2019-05-19 23:42:03'),(41,' 27905','Ajedrez Damas Magnético 25 cm.','8','25 x 12 x 4','1 Tablero de 23 x 23 cm plegable.\r\n16 piezas blancas.\r\n16 piezas negras.\r\n16 fichas rojas.\r\n16 fichas amarillas. ',NULL,'Juego de Ajedrez y Damas magnético ideal para viajes, gracias a su caja de plástico plegable se puede disfrutar de estos tres juegos en uno en cualquier lugar. La medida del tablero es de 25 x 25cm y las fichas son adecuadas para el tamaño de las casillas del mismo.','-',NULL,NULL,'ADM001_cover_500925c19b617c7ddf.jpeg','gallery_232575ba9af8160008.png','gallery_121465ba9af8160465.png',NULL,NULL,NULL,NULL,0,0,13,4,41,'1','2018-10-11 02:09:25','2019-05-19 23:42:02'),(42,' 27918','DOMINÓ MARFIL ','6','15 x 4 x 5','1 Estuche con tapa transparente.\r\n28 fichas Dominó.',NULL,'Juego de Dominó en caja de plástico con tapa transparente. ','Medidas de las fichas: 2,1 x 4,2 x 0,7cm',NULL,NULL,'ADM001_cover_456175c19baf664899.jpeg','gallery_96485baa4bec76015.png','gallery_343235baa4bec764be.png',NULL,NULL,NULL,NULL,0,0,13,5,42,'1','2018-10-11 02:11:44','2019-05-19 23:42:24'),(43,' 27919','DOMINÓ CHAMELO JUNIOR','6','15 x 4 x 5','1 Estuche con tapa transparente.\r\n28 fichas Dominó. ',NULL,'Juego de Dominó en caja de plástico con tapa transparente.','Medidas de las fichas: 2,1 x 4,2 x 1,1cm',NULL,NULL,'ADM001_cover_890165c19bb3043d77.jpeg','gallery_753745baa4cecba5d2.png','gallery_241035baa4cecbaaa2.png',NULL,NULL,NULL,NULL,0,0,13,5,43,'1','2018-10-11 02:11:48','2019-05-19 23:42:23'),(44,' 27920','DOMINÓ COMPETICIÓN','6','17 x 7 x 7','1 Caja de madera.\r\n28 fichas Dominó. ',NULL,'Juego de Dominó en caja de madera. transparente.','Medidas de las fichas: 2,2 x 4,4 x 1,1cm',NULL,NULL,'ADM001_cover_399625c19bbb4ca01d.jpeg','gallery_560365baa4d5fc0c81.png','gallery_835835baa4d5fc111f.png',NULL,NULL,NULL,NULL,0,0,13,5,44,'1','2018-10-11 02:11:53','2019-05-19 23:42:22'),(45,' 27932','ACCESORIOS PARCHÍS 4 JUGADORES','4','14 x 6 x 4','4 cubiletes de plástico\r\n4 fichas de cada color (rojo, verde, amarillo y azul).\r\n4 dados.\r\nCaja de plástico transparente para su almacenaje. ',NULL,'Set completo de 4 cubiletes de plástico. Azul, Rojo, Verde y Amarillo. En caja de plástico transparente.','-',NULL,NULL,'ADM001_cover_146135c19bc183abb0.jpeg','gallery_788265baa6a7080de6.png','gallery_700295baa6a70812da.png',NULL,NULL,NULL,NULL,0,0,13,6,45,'1','2018-10-11 02:14:04','2019-05-19 23:42:20'),(46,' 27934','ACCESORIOS PARCHÍS 6 JUGADORES','4','18 x 6 x 4','6 cubiletes de plástico\r\n4 fichas de cada color (rojo, verde, amarillo, azul, naranja y morado).\r\n6 dados.\r\nCaja de plástico transparente para su almacenaje. ',NULL,'Set completo de 6 cubiletes de plástico. Azul, Rojo, Verde, Amarillo, Naranja y Morado. En caja de plástico transparente.','-',NULL,NULL,'ADM001_cover_758575c19bd48e9fa4.jpeg','gallery_116395baa6ad45d86a.png','gallery_22235baa6ad45dcdb.png',NULL,NULL,NULL,NULL,0,0,13,6,46,'1','2018-10-11 02:14:12','2019-05-19 23:42:20'),(47,' 27935','ACCESORIOS DAMAS','4','14 x 6 x 4','12 fichas blancas.\r\n12 fichas negras.\r\nCaja de plástico transparente para su almacenaje.',NULL,'Set completo de 24 fichas de plástico en caja de plástico transparente.','-',NULL,NULL,'ADM001_cover_964565c19bd81dcb62.jpeg','gallery_211075baa6b9c2099b.png','gallery_18705baa6b9c24a65.png',NULL,NULL,NULL,NULL,0,0,13,6,47,'1','2018-10-11 02:14:18','2019-05-19 23:42:20'),(48,' 27936','PIEZAS AJEDREZ STAUNTON Nº 3','4','14 x 7 x 5','16 piezas blancas.\r\n16 piezas negras.\r\nCaja de plástico para su almacenaje. ',NULL,'Set completo de figuras de Ajedrez Staunton Nº 3 en caja de plástico con tapa transparente.','',NULL,NULL,'ADM001_cover_503725c19be0840e09.jpeg','gallery_654315baa6c082faa1.png','gallery_210105baa6c082ff5c.png',NULL,NULL,NULL,NULL,0,0,13,6,48,'1','2018-10-11 02:14:24','2019-05-19 23:42:34'),(49,' 27937','PIEZAS AJEDREZ STAUNTON Nº 4','4','19 x 12 x 7','16 piezas blancas.\r\n16 piezas negras.\r\nCaja de plástico para su almacenaje. ',NULL,'Set completo de figuras de Ajedrez Staunton Nº 4 en caja de plástico con tapa transparente.','-',NULL,NULL,'ADM001_cover_496775c19be623a960.jpeg','gallery_870355baa6c6439e82.png','gallery_487715baa6c643a336.png',NULL,NULL,NULL,NULL,0,0,13,6,49,'1','2018-10-11 02:14:32','2019-05-19 23:42:33'),(50,' 27938','TAPETE 50 x 50 CM ','-','50 x 10 x 4','1 tapete de fieltro. ',NULL,'Tapete de fieltro ribeteado, dimensiones 50 x 50cm.','-',NULL,NULL,'ADM001_cover_748525c19bea7ceb53.jpeg','gallery_148755baa6cce1fadd.png','gallery_758025baa6cce20034.png',NULL,NULL,NULL,NULL,0,0,13,6,50,'1','2018-10-11 02:14:37','2019-05-19 23:42:32'),(51,' 28022','SILLAS COLORS ','5','26 x 26 x 8','33 sillas en 3 colores diferentes.',NULL,'Da un toque de color a tu mobiliario con Sillas Colors. 33 sillas para que os retéis a ver quién las equilibra mejor.','-',NULL,NULL,'ADM001_cover_181415c19c6e2a5a81.jpeg','gallery_136165baa6da1d9810.png','gallery_629475baa6da1d9e89.png',NULL,NULL,NULL,NULL,0,0,7,NULL,51,'1','2018-09-25 19:17:39','2019-05-19 23:42:31'),(52,' 28401','TOCO TRONCO ','5','18 x 27 x 10','8 bloques interiores.\r\n32 bloques de corteza en 3 colores.\r\n1 bloque base de árbol\r\n1 hacha (inofensiva)\r\nInstrucciones.',NULL,'Saca las cortezas sin tirar el tronco. Toco Tronco es un juego de habilidad en el que dispones de 2 golpes en cada turno para sacar todas las cortezas que puedas, pero recuerda que no debes tirar las piezas interiores.\r\n','-',NULL,NULL,'ADM001_cover_644285c19c7b9966f4.jpeg','gallery_555965baa6e2482a5e.jpeg','gallery_618725baa6e248498c.png',NULL,NULL,NULL,NULL,0,0,7,NULL,52,'1','2018-09-25 19:19:32','2019-05-19 23:42:31'),(53,' 28402','THE NOODLE GAME ','6','14 x 17,5 x 14','1 caja de noodles.\r\n29 noodles de 4 tamaños.\r\n4 pares de palillos chinos de colores.\r\n4 platos de colores.\r\nInstrucciones.',NULL,'Hazte con todos lo noodles que puedas usando tus palillos pero, ¡cuidado!, los demás también querrán coger el que llevas. Cuanto más largo sea el noodle, más puntos valdrá, pero más fácil es de quitar.\r\n','-',NULL,NULL,'ADM001_cover_829345c19c7e240339.jpeg','gallery_496255baa6ed6cceef.png',NULL,'gallery_429375c0cbc80e36c5.jpeg','gallery_611515c2764e36a3e4.jpeg',NULL,'<iframe width=\"560\" height=\"315\" src=\"https://www.youtube.com/embed/_5IGcqtzUms\" frameborder=\"0\" allow=\"accelerometer; autoplay; encrypted-media; gyroscope; picture-in-picture\" allowfullscreen></iframe>',1,0,7,NULL,53,'1','2018-12-09 07:56:00','2019-05-19 23:42:29'),(54,' 28403','PARTY HEADZ','8','27 x 27 x 7','10 Globos pequeños.\r\n3 Aros.\r\n1 Pelota de ping-pong.\r\n1 Ruleta.\r\n1 Botella de agua vacía.\r\n1 SOMBRERO DE BOMBÍN con una flor tornillo.\r\n1 SOMBRERO DE COPA con una pelota de ping-pong atada.\r\n4 SOMBREROS CONO.\r\n2 DIADEMAS con dos manos de velcro.\r\nInstrucciones.',NULL,'Con 8 sombreros superdivertidos para intercambiar entre los amigos, hay un desafío diferente en cada turno. Intenta jugar al ping-pong con tu cabeza… o con tu SOMBRERO DE COPA lleno de agua, juega a las anillas con el SOMBRERO CONO de otro o pierde la cabeza en una batalla de DIADEMAS con manos. ','No querrás llevar el SOMBRERO BOMBÍN cuando el GLOBO explote….Ups!',NULL,NULL,'ADM001_cover_841155c19c87c51f40.jpeg','gallery_448015baae5bb3f733.jpeg','gallery_83595baae5bc1365b.png',NULL,NULL,NULL,NULL,0,0,7,NULL,54,'1','2018-09-26 03:49:47','2019-05-19 23:42:28'),(55,' 27269','TOSTADORA LOCA ','4','27 x 27 x 12','1 tostadora (segura) 40 tarjetas tostada 4 cazos 4 manteles Instrucciones',NULL,'Un juego de reflejos y de habilidad para partirse de risa. Activa la tostadora... Atrapa las tostadas al vuelo, 1, 2, 3 ó 4 tostadas ¡no sabes cuántas van a saltar! Llena tu plato con las tostadas correctas, pero cuidado: no te vayas a llevar el pescado podrido.','-',NULL,NULL,'ADM001_cover_710095c19c9e5624b1.jpeg','gallery_943545baae638017e5.png','gallery_114035baae63801d74.png','gallery_179595c0cbc63bca8b.jpeg','gallery_547845c27648b12722.jpeg',NULL,'<iframe width=\"560\" height=\"315\" src=\"https://www.youtube.com/embed/yeuZuE0XVgQ\" frameborder=\"0\" allow=\"accelerometer; autoplay; encrypted-media; gyroscope; picture-in-picture\" allowfullscreen></iframe>',1,0,7,NULL,55,'1','2018-12-09 07:55:31','2019-05-19 23:42:07'),(56,' 27270','CAZA ZOMBIS ','4','27 x 27 x 14','1 casa. 1 base electrónica. 6 personajes. Una pistola (segura). 4 dardos de espuma. Instrucciones',NULL,'Qué vecindario más terrorífico... ¿has visto esa casa al final de la calle?... es una casa encantada... dicen que aparecen criaturas extrañas por la noche y se oyen escalofriantes sonidos... ','Ayúdanos a eliminar a todos los zombis... cuando aparezcan... dispárales... oirás horribles aullidos... ¿Podrás eliminarlos a todos? A por ellos... ¿Podrás tú solo con ellos? ¿O llamamos a los amigos?',NULL,NULL,'ADM001_cover_488565c19ca9f821cf.jpeg','gallery_312165baae6e7082f6.png','gallery_73525baae6e708992.png',NULL,NULL,NULL,'<div class=\"embed-responsive embed-responsive-16by9\">\r\n                        <iframe class=\"embed-responsive-item\" src=\"https://www.youtube.com/embed/kinSr7f7-iQ\"></iframe>\r\n                    </div>',0,0,7,NULL,56,'1','2018-09-26 03:54:47','2019-05-19 23:42:06'),(57,' 26600','FRUTTI FRUTTI ','4','27 x 27 x 14','1 batidora (segura) 25 Frutti tarjetas Instrucciones',NULL,'Reparte las Frutti tarjetas con pares de frutas. Cada jugador deberá meter en la batidora una de sus cartas que contenga una fruta que coincida con la última que se ha echado, pero ¡cuidado!: la batidora te las puede devolver en cualquier momento. Ganará quien primero se quede sin cartas. ¡¡Superdivertido!!','-',NULL,NULL,'ADM001_cover_989225c19cb628f03c.jpeg','gallery_206355baae76df0e9e.jpeg','gallery_362065baae76df1905.png',NULL,NULL,NULL,'<div class=\"embed-responsive embed-responsive-16by9\">\r\n                        <iframe class=\"embed-responsive-item\" src=\"https://www.youtube.com/embed/HvVJY6uqxXs\"></iframe>\r\n                    </div>',0,0,7,NULL,57,'1','2018-09-26 03:57:01','2019-05-19 23:42:08'),(58,' 25020','Cerditos Glotones ','5','26,7 x 26,7 x 8','4 Hocicos con correas ajustables\r\n1 comedero con sonido (no necesita pilas)\r\n5 limones\r\n5 naranjas\r\n5 patatas\r\n5 manzanas\r\n2 dados.',NULL,'No podrás parar de reír con este juego. Coge todas las frutas y verduras que puedas del comedero antes de que se te pase el turno, pero hazlo con tu morro de cerdito glotón y escucha cómo suena el comedero cuando lo intentas. ¡Diversión asegurada!','-',NULL,NULL,'ADM001_cover_170765c19cb9a7c6a1.jpeg','gallery_718485baae8072ae4b.jpeg','gallery_115825baae8072b743.png','gallery_738365c0cbc43d40b4.jpeg','gallery_673145c2763a418861.jpeg',NULL,'<iframe width=\"560\" height=\"315\" src=\"https://www.youtube.com/embed/zror_7h7oqg\" frameborder=\"0\" allow=\"accelerometer; autoplay; encrypted-media; gyroscope; picture-in-picture\" allowfullscreen></iframe>',0,0,7,NULL,58,'1','2018-12-09 07:54:59','2019-05-19 23:41:56'),(59,'24015','Torre de ratones','4','27 x 27 x 6 cm.','1 base de queso, 7 trozos circulares de queso, 14 ratones, 20 fichas',NULL,'¿Conocéis a algún ratón al que no le guste el queso? A esos traviesos ratones lo que más les gusta es jugar a hacer torres. Ayúdales, pero con cuidado: cuanto más alta sea la torre más difícil será hacerla. Pon 2 ratones y una base de queso para cada altura.\r\n','-',NULL,NULL,'ADM001_cover_508775c19cbde4a85e.jpeg','gallery_768015baae8d79f877.jpeg','gallery_335375baae8d79feb5.png',NULL,NULL,NULL,NULL,0,0,7,NULL,59,'1','2018-09-26 04:03:03','2019-05-19 23:41:23'),(60,' 21011','SILLAS ','5','26,6 x 10,5 x 10,5','8 sillas rojas, 8 sillas blancas y 8 sillas negras',NULL,'¿Eres de los que juega a hacer equilibrios con la cucharilla del café? Pues te va a encantar este juego. En sillas, se juega un número de rondas prefijado y el ganador es quien derriba menos sillas. Puedes ponerlas en cualquier dirección.\r\n','-',NULL,NULL,'ADM001_cover_899685c19cc023eb59.jpeg','gallery_941265baae962baeab.jpeg','gallery_283085baae962bb461.png',NULL,NULL,NULL,NULL,0,0,7,NULL,60,'1','2018-09-26 04:05:22','2019-05-19 23:41:30'),(61,' 3570','Pincha El Pirata','3','27 x 20,7 x 15,1','1 base, 1 barril, 1 pirata, 24 espadas, Adhesivos.',NULL,'Consigue que salte el pirata con tu espada. Cada jugador coloca una espada en las ranuras libres y quien consiga que salte… ¡¡gana!!\r\n','-',NULL,NULL,'ADM001_cover_735895c19cc2cb9a17.jpeg','gallery_106455baaeb62a0364.png','gallery_327195baaeb62a0a70.png',NULL,NULL,NULL,NULL,0,0,7,NULL,61,'1','2018-09-26 04:13:54','2019-05-19 23:41:18'),(62,' 7777','Pincha Pirata más Torre Risa','3','26,8 x 40,2 x 14,5','Pincha el Pirata: 1 base, 1 barril, 1 pirata, 24 espadas, adhesivos. Torre de la risa: Torre de la risa (5 pisos) , Ruleta + Fichas payasos',NULL,'Pincha El Pirata:Consigue que salte el pirata con tu espada. Cada jugador coloca una espada en las ranuras libres y quien consiga que salte… ¡¡gana!!Torre de la Risa: ¡Vaya torre!, ¡Vaya risa! Haz girar la ruleta y ve colocando tus payasetes..... Pero con cuidado, no vayas a derribar la torre y pierdas la partida.','-',NULL,NULL,'ADM001_cover_537975c19cc6e4c390.jpeg','gallery_947965baaebecc8325.png','gallery_495385baaebecc8950.png',NULL,NULL,NULL,NULL,0,1,7,NULL,62,'1','2018-12-09 07:53:45','2019-05-19 23:41:15'),(63,'28411','Sapiens ','6','13 x 13 x 8','Lata para guardar las cartas\r\n56 cartas\r\nInstrucciones.',NULL,'Busca entre tus cartas una con el dibujo que ha dicho en idioma cavernícola el anterior jugador. Aquí no hay turnos, el más rápido se lleva el gato al agua.','-',NULL,NULL,'ADM001_cover_352145c19cd3438cb8.jpeg','gallery_227805baaeca5099ed.jpeg','gallery_453445baaeca50a359.png','gallery_97945c0cbc9bb56f8.jpeg','gallery_115085c27653277c39.jpeg',NULL,NULL,1,0,15,8,63,'1','2018-12-09 07:56:27','2019-05-19 23:42:27'),(64,' 28412','Safari','6','13 x 13 x 8','Lata para guardar las cartas\r\n56 cartas\r\nInstrucciones.',NULL,'¿Qué animal falta en la carta? Sé quien lo descubre primero y llévate la carta. Con dos niveles de dificultad.\r\n','-',NULL,NULL,'ADM001_cover_278785c19cd6fd8f67.jpeg','gallery_332205baaed28a7fd3.jpeg','gallery_883085baaed28a8ad5.png',NULL,NULL,NULL,NULL,0,0,15,8,64,'1','2018-10-11 02:15:29','2019-05-19 23:42:27'),(65,' 28413','Astrionauta ','6','13 x 13 x 8','Lata para guardar las cartas\r\n54 cartas\r\nInstrucciones.',NULL,'En Astrionauta ganará quien antes sea capaz de formar tríos con sus cartas y las que hay en la mesa. Aquí no hay turnos…¡se juega a la velocidad de la luz!\r\n','-',NULL,NULL,'ADM001_cover_116945c19cda418cf7.jpeg','gallery_292525baaeda8c85d9.jpeg','gallery_247055baaeda8c91ab.png',NULL,NULL,NULL,NULL,0,0,15,8,65,'1','2018-10-11 02:15:32','2019-05-19 23:42:41'),(66,' 24009','Pizarra Letras y Números','4','27 x 38,8 x 5,1','1 pizarra de plástico, 120 letras de plástico, 70 números y signos.',NULL,'El juego que iniciará a los más peques en la formación de palabras y cifras: aprenderán letras y números de una forma divertida.\r\n','-',NULL,NULL,'ADM001_cover_636695c19cde8cc2fd.jpeg','gallery_406915baaee3286c74.png','gallery_497885baaee32871eb.png',NULL,NULL,NULL,NULL,0,0,15,9,66,'1','2018-10-11 02:18:37','2019-05-19 23:41:25'),(67,' 26541','Adivina Pintando ','5','25,6 x 25,6 x 6,3','Temporizador electrónico de cuenta atrás con sonido de cacareo, 50 Tarjetas con Palabras, 1 base para sujetar la tarjeta, 1 Dado especial de colores, 3 Libretas de dibujo pre-impresas con círculos. ',NULL,'Dibuja, adivina y aprende ¿Podrán adivinar los otros jugadores lo que estás dibujando? ¡Súper fácil. Utiliza los círculo dibujados en la libreta para crear tu dibujo a partir de ellos! Cada tarjeta viene con 3 conceptos en español e inglés. El primero de ellos ya está dibujado en la tarjeta para que los más pequeños lo puedan copiar. El cronómetro cacareará cuando se acabe el tiempo y cuenta los puntos en inglés. ','-',NULL,NULL,'ADM001_cover_244855c19ce17c7141.jpeg','gallery_875865baaee951b83e.png','gallery_555255baaee951bf1d.png',NULL,NULL,NULL,NULL,0,0,15,9,67,'1','2018-10-11 02:18:47','2019-05-19 23:41:57'),(68,' 26542','Mimikids ','4','25,6 x 25,6 x 6,3','150 tarjetas, dado, reloj de arena. ',NULL,'¿Te los imaginas haciendo mímica para adivinar conceptos como “pisar un chicle” o “limpiaparabrisas”? Con Mimikids, niñas y niños de diferentes edades podrán jugar juntos. Los más pequeños se divertirán haciendo gestos de palabras como: León, Perro, Gato… que además incluyen dibujos. Los más mayores actuarán para que los otros adivinen conceptos como “un perro buscándose la cola”, “freír bacon” o “un caleidoscopio”. ','Quien acierta se lleva un punto y el que interpreta también. Quien más puntos tenga al final habrá ganado la partida. Es un juego muy divertido donde toda la familia tratará de descubrir lo que pone en la tarjeta antes de que el reloj se acabe el tiempo.',NULL,NULL,'ADM001_cover_863395c19ce491a408.jpeg','gallery_803315baaefa3798ac.png','gallery_70005baaefa379e77.png',NULL,NULL,NULL,NULL,0,0,15,9,68,'1','2018-10-11 02:20:22','2019-05-19 23:41:58'),(69,' 26543','Tic tac cuentos ','6','25,6 x 25,6 x 6,3','150 tarjetas, cronómetro (no necesita pilas), instrucciones. ',NULL,'¡Contad un cuento…pero dentro del tiempo! Cuenta un fragmento de cuento con una de las palabras de tus tarjetas y pasa el turno al siguiente, que lo deberá continuar. Si suena el cronómetro en tu turno te quedarás con todas las tarjetas que han usado los demás. El primer jugador que se quede sin tarjetas gana el juego. Hay tarjetas con palabras más fáciles para los más pequeños.\r\n','-',NULL,NULL,'ADM001_cover_227125c19ce813c85e.jpeg','gallery_639105baaf1a1d5a2f.png','gallery_923175baaf1a1d6240.png',NULL,NULL,NULL,NULL,0,0,15,9,69,'1','2018-10-11 02:19:55','2019-05-19 23:41:59'),(70,' 1408','Aprobado ','6','27 x 38,8 x 5,1','1 Tablero, 6 Peones, 1 Dado, 2000 Preguntas.','1 Board, 6 Pawns, 1 Dice, 2000 Questions.','El juego que les ayudará a estudiar jugando. Podrán aprender parte de los contenidos de enseñanza primaria y secundaria mientras pasan un rato divertido.\r\n','-','The game that will help them study while playing. They will be able to learn part of the contents of primary and secondary education while having a fun time.',NULL,'ADM001_cover_960785c19cf0d28c3c.jpeg','gallery_932715baaf21e123bf.png','gallery_856325baaf21e12920.png',NULL,NULL,NULL,NULL,0,1,15,9,70,'1','2018-12-09 07:53:22','2019-05-19 23:41:01'),(71,' 24002','Sopa con letras ','4','37 x 27 x 9 cm','1 mantel\r\n1 olla\r\n4 platos hondos\r\n4 cucharas de colores\r\n44 bolas de colores con letras\r\n21 fichas con palabras',NULL,'En \"Sopa con letras\" has de intentar rellenar con las letras de la olla los huecos en las fichas que te toquen. Las tendrás que coger con tu cuchara lo antes posible para ser el ganador, pero ... si además la olla no deja de moverse y saltar, ¡todo es aún más divertido!\r\n','-',NULL,NULL,'ADM001_cover_527325c19cf3922538.jpeg','gallery_17345baaf29c28fc0.jpeg','gallery_586955baaf29c29720.png',NULL,NULL,NULL,NULL,0,0,15,9,71,'1','2018-10-11 02:18:28','2019-05-19 23:41:25'),(72,' 21001','No lo Digas ','6','26,5 x 26,5 x 5,4','100 tarjetas, soporte tarjetas, temporizador, bloc de puntuación, lápiz y hoja de instrucciones.',NULL,'Intenta ganar la mayor cantidad de puntos posibles, eso sí, no digas ninguna de las palabras prohibidas.\r\n','-',NULL,NULL,'ADM001_cover_960135c19cf929d044.jpeg','gallery_923995baaf36d291c4.png','gallery_655715baaf36d29a2d.png',NULL,NULL,NULL,NULL,0,0,15,9,72,'1','2018-10-11 02:18:25','2019-05-19 23:41:10'),(73,'1710','El Primero de la Clase 1.000','6','25,6 x 25,6 x 3,7','Tablero , 6 peones , 1000 preguntas, 1 dado','Board, 6 pawns, 1000 questions, 1 die','Avanza por el tablero de juego de pupitre en pupitre, contestando a las diferentes preguntas para llegar a la prueba final y conseguir el graduado escolar. Con 1000 preguntas de primaria.','-','Advance through the board game desk in desk, answering the different questions to get to the final test and get the school graduate. With 1000 primary questions.',NULL,'ADM001_cover_951835c19cfe27cfc8.jpeg','gallery_923195baaf574c93b4.png','gallery_996005baaf574c9a1b.png',NULL,NULL,NULL,NULL,0,1,15,9,73,'1','2018-10-11 02:16:44','2019-05-19 23:41:03'),(74,' 1720','El Primero de la Clase 2.000','8','25,6 x 25,6 x 3,7','Tablero , 6 peones , 2000 preguntas, 1 dado','Board, 6 pawns, 2000 questions, 1 die','Avanza por el tablero de juego de pupitre en pupitre, contestando a las diferentes preguntas para llegar a la prueba final y conseguir el graduado escolar. Con 2000 preguntas de primaria.','-','Advance through the board game desk in desk, answering the different questions to get to the final test and get the school graduate. With 2000 primary questions.',NULL,'ADM001_cover_445015c19d02da769f.jpeg','gallery_201585baaf64feaffb.png','gallery_611985baaf64feb603.png',NULL,NULL,NULL,NULL,0,0,15,9,74,'1','2018-12-09 07:53:36','2019-05-19 23:41:04'),(75,' 1730','El Primero de la Clase 3.000','10','25,6 x 25,6 x 6,3','Tablero , 6 peones , 3000 preguntas, 1 dado','Board, 6 pawns, 3000 questions, 1 die','Avanza por el tablero de juego de pupitre en pupitre, contestando a las diferentes preguntas para llegar a la prueba final y conseguir el graduado escolar. Con 3000 preguntas de primaria.','-','Advance through the board game desk in desk, answering the different questions to get to the final test and get the school graduate. With 3000 primary questions.',NULL,'ADM001_cover_987045c19d093300f0.jpeg','gallery_743635baaf721c41c1.png','gallery_18545baaf721c4d4e.png',NULL,NULL,NULL,NULL,0,0,15,9,75,'1','2018-10-11 02:17:54','2019-05-19 23:41:05'),(76,'1750','El Primero de la Clase 5.000','10','25,6 x 25,6 x 6,3','Tablero , 6 peones , 5000 preguntas, 1 dado','Board, 6 pawns, 5000 questions, 1 die','Avanza por el tablero de juego de pupitre en pupitre, contestando a las diferentes preguntas para llegar a la prueba final y conseguir el graduado escolar. Con 5000 preguntas de primaria.','-','Advance through the board game desk in desk, answering the different questions to get to the final test and get the school graduate. With 5000 primary questions.',NULL,'ADM001_cover_913475c19d0d438061.jpeg','gallery_624225baafaf55331c.png','gallery_803645baafaf553d43.png',NULL,NULL,NULL,NULL,0,1,15,9,76,'1','2018-12-09 07:53:09','2019-05-19 23:41:05'),(77,' 1453','Dominó Madera Colors','3','16,8 x 35,8 x 4','28 Fichas de Madera maciza de 8x4x1 Cm','28 sheets of solid wood of 8x4x1 Cm','Este Dominó de gran tamaño hecho de madera maciza es el más indicado para los más pequeños. El tamaño de las fichas permite que éstas se mantengan en pie. Este juego desarrolla la atención y estimula el pensamiento lógico.\r\n','-','This large domino made of solid wood is best suited for children. The size of the cards allows them to remain standing. This game develops attention and stimulates logical thinking.',NULL,'ADM001_cover_750885c19d111047fc.jpeg','gallery_424615bab055ed3be3.png','gallery_373935bab055ed42a8.png',NULL,NULL,NULL,NULL,0,1,15,9,77,'1','2018-10-11 02:16:38','2019-05-19 23:41:02'),(78,' 11605','Tangram Madera','8','25 x 17,5 x 3,5','7 Figuras de madera + Libro de reglamento',NULL,'En este interesante y legendario rompecabezas chino deben utilizarse las 7 piezas que lo componen para ir formando las diferentes figuras, cada cual más complicada y entretenida.\r\n','-',NULL,NULL,'ADM001_cover_112135c19d1a00a3e3.jpeg','gallery_693395bab062cab9a4.png','gallery_223095bab062cac22a.png',NULL,NULL,NULL,NULL,0,0,15,9,78,'1','2018-10-11 02:19:42','2019-05-19 23:41:12'),(79,' 28415','¿Qué soy yo? Máscaras ','7','27 x 27 x 6','30 máscaras a doble cara (30 animales y 30 personas)\r\n1 tablero a doble cara (para jugar a ser animales o personas)\r\n4 gafas.\r\n4 fichas de juego.\r\n48 fichas SÍ/NO\r\n1 Ruleta\r\nHoja de respuestas.\r\nInstrucciones',NULL,'El divertido juego de las adivinanzas con personajes humanos y animales.\r\nHaz girar la flecha y realiza la pregunta que te haya tocado en el tablero. Podrás guardar la contestación poniendo una ficha SÍ/NO.\r\nHay 30 máscaras con un personaje en cada cara, lo que hace un total de 60 personajes.','-',NULL,NULL,'ADM001_cover_368125c19d2c211e19.jpeg','gallery_416875bad89dcf0c6b.jpeg','gallery_24475bad89dcf17ec.png',NULL,NULL,NULL,NULL,0,0,15,10,79,'1','2018-10-11 02:22:54','2019-05-19 23:42:40'),(80,' 27572',' Gran Jaleo ','6','25,6 x 25,6 x 7,1','6 animales de espuma (oveja, cabra, cerdo, caballo, vaca y gallina).\r\n24 tarjetas.\r\n1 dado negro.\r\n1 dado blanco.\r\nInstrucciones.',NULL,'Madre mía menudo lío tenemos en la granja…\r\n¡A Leo el granjero se le han escapado los animales!\r\nUn juego de rapidez mental y visual en el que tienes que ser el más ágil y rápido capturando los animales de la granja.\r\nPara jugar con amigos… colocad los 6 animales en círculo… sacad una tarjeta… tirad los dados… Cada tarjeta que coincida con alguno de los dados se activa y tenéis que intentar capturar el animal que muestre la tarjeta activada.\r\nDebéis traerlos de vuelta antes de que se metan en algún jaleo… y antes que vuestros oponentes.\r\nUn juego de habilidad y ¡manos rápidas!','-',NULL,NULL,'ADM001_cover_288025c19d2ea09cb9.jpeg','gallery_566815bad8a56aa162.jpeg','gallery_327335bad8a56aa772.png','gallery_674205c1d4774c94fe.jpeg','gallery_40265c27644caed68.jpeg',NULL,NULL,1,0,15,10,80,'1','2018-10-11 02:20:00','2019-05-19 23:42:04'),(81,' 25014',' Caperucita Roja ','4','27 x 27 x 7','1 tablero, 2 casas 3D, 4 peones caperucita con 4 peanas, 3 árboles 3D, 1 lobo, 1 abuelita, 24 accesorios (4 x cazador, 4 x miel, 4 x tarta, 4 x caperuza, 4 x cesta, 4 x tortitas), 1 dado, 1 librito.',NULL,'¿Quién llevará primero a Caperucita a casa de la abuelita con todo lo necesario para sacar al lobo de allí?. Sal de la casa de la mamá, recorre el tablero con tu Caperucita y recoge tu capa, el cazador, el pastel… ','¡Con figuras 3D para montar y un librito con el cuento!',NULL,NULL,'ADM001_cover_387335c19d31a4a7f8.jpeg','gallery_117765bad8acb718b3.png','gallery_34785bad8acb71f49.png',NULL,NULL,NULL,NULL,0,0,15,10,81,'1','2018-10-11 02:22:34','2019-05-19 23:41:21'),(82,' 25015','Pinocho','4','27 x 27 x 7','1 tablero, 28 narices de 4 colores y 4 gomas elásticas, 4 peones pinocho con 4 peanas, 1 dado, 1 librito.',NULL,'Para llegar a ser un niño de verdad, Pinocho deberá recorrer el tablero. En ese camino, te irás colocando y quitando narices una encima de otra, según contestes una mentira o una verdad. Sé el primero en quitártelas todas al llegar a la casilla final.','¡Con 28 narices para ponerse y un librito con el cuento!',NULL,NULL,'ADM001_cover_777395c19d35d34c28.jpeg','gallery_622845bad8b416f8d3.png','gallery_913325bad8b41701b6.png',NULL,NULL,NULL,NULL,0,0,15,10,82,'1','2018-10-11 02:18:41','2019-05-19 23:41:20'),(83,' 25015',' Blancanieves ','4','27 x 27 x 7','1 tablero, 4 peones Príncipe con 4 peanas, 28 enanitos (7 por jugador), 1 Blancanieves, 1 Reina Malévola, 1 casa 3D, 2 árboles 3D, 1 dado, 1 librito.',NULL,'La reina Malévola no puede soportar que Blancanieves sea la más guapa del reino. Ayuda con tu Príncipe a Blancanieves a recuperar a todos los enanitos y enviar fuera del bosque a la reina Malévola.','¡Con figuras 3D para montar y un librito con el cuento!',NULL,NULL,'ADM001_cover_32165c19d38623506.jpeg','gallery_302505bad8bd5d24ae.png','gallery_182785bad8bd5d2b53.png',NULL,NULL,NULL,NULL,0,0,15,10,83,'1','2018-10-11 02:22:41','2019-05-19 23:41:20'),(84,' 25017','Los Tres Cerditos ','4','27 x 27 x 7','1 tablero, 4 peones cerdos con 4 peanas, 12 casas 3D, 1 caldero 3D, 1 lobo, 1 caballo, 1 oveja, 1 gallina, 1 dado, 1 librito.',NULL,'Un lobo hambriento merodea el bosque. Los tres cerditos parten de casa de su mamá para comenzar una nueva vida, pero no saben lo que les espera. Ayuda a los cerditos a construir las tres casas del cuento. Sopla fuerte y diviértete tirando al lobo al caldero.','¡Con figuras 3D para montar y un librito con el cuento!',NULL,NULL,'ADM001_cover_956935c19d3bde1c92.jpeg','gallery_940715bad8c5b43802.png','gallery_397995bad8c5b43e88.png',NULL,NULL,NULL,NULL,0,0,15,10,84,'1','2018-10-11 02:22:52','2019-05-19 23:41:55'),(85,' 9506','Qué Soy Yo ','9','31 x 31 x 5,3','4 tableros de juego, 1 cartón ruleta, 1 saeta ruleta, 20 tarjetas oficios, 4 cintas elásticas.',NULL,'Todos saben quién eres menos tú. Tienes que descubrir quién eres haciendo preguntas a los otros jugadores. Utiliza tu cabeza para descubrir qué tienes en ella. El primer jugador que consiga tres tarjetas ¡¡gana!!\r\n','-',NULL,NULL,'ADM001_cover_613455c19d3f14a6b2.jpeg','gallery_301905bad8ce12a92c.png','gallery_46365bad8ce12afbc.png',NULL,NULL,NULL,NULL,0,0,15,10,85,'1','2018-10-11 02:22:45','2019-05-19 23:41:15'),(86,' 28403','PARTY HEADZ','8','27 x 27 x 7','10 Globos pequeños.\r\n3 Aros.\r\n1 Pelota de ping-pong.\r\n1 Ruleta.\r\n1 Botella de agua vacía.\r\n1 SOMBRERO DE BOMBÍN con una flor tornillo.\r\n1 SOMBRERO DE COPA con una pelota de ping-pong atada.\r\n4 SOMBREROS CONO.\r\n2 DIADEMAS con dos manos de velcro.\r\nInstrucciones.',NULL,'Con 8 sombreros superdivertidos para intercambiar entre los amigos, hay un desafío diferente en cada turno. Intenta jugar al ping-pong con tu cabeza… o con tu SOMBRERO DE COPA lleno de agua, juega a las anillas con el SOMBRERO CONO de otro o pierde la cabeza en una batalla de DIADEMAS con manos. No querrás llevar el SOMBRERO BOMBÍN cuando el GLOBO explote….Ups!\r\n','-',NULL,NULL,'ADM001_cover_362285c19d45a5a65c.jpeg','gallery_281375bad8dcface6d.jpeg','gallery_3445bad8dcfad49b.png',NULL,NULL,NULL,NULL,0,0,15,11,86,'1','2018-09-28 04:11:27','2019-05-19 23:42:28'),(87,' 28422','De uvas a peras ','8','27 x 27 x 7','528 tarjetas a dos caras.\r\nInstrucciones.',NULL,'¿Qué tiene que ver el tocino con la velocidad? Pues seguro que tienen algo en común. En De Uvas a Peras, enlaza conceptos rápidamente hasta que te quedes sin tarjetas. Con 528 tarjetas y más de 1000 conceptos.','-',NULL,NULL,'ADM001_cover_398355c19d49a72c62.jpeg','gallery_436725bad8e7c41c52.jpeg','gallery_116035bad8e7c4221e.png',NULL,NULL,NULL,NULL,0,0,15,11,87,'1','2018-09-28 04:14:20','2019-05-19 23:42:39'),(88,' 26554',' BEZZERWIZZER ','16','25,6 x 25,6 x 6,3','200 tarjetas, 20 fichas categorías, 4 fichas ZWAP (1 de cada color), 8 fichas BEZZERWIZZER (2 de cada color), 4 peones (1 de cada color), 1 caja porta-tarjetas, 1 bolsa de tela para las fichas de categorías, 1 tablero central, 4 tableros individuales, instrucciones.',NULL,'BEZZERWIZZER by Jesper Bülow El juego que pondrá a prueba tu conocimiento y tu estrategia. En cada ronda deberás contestar las preguntas de cuatro categorías que habrás sacado de la bolsa. Puedes usar tus comodines para contestar por otro jugador y ganar más puntos o simplemente róbale su categoría favorita, pero recuerda... ¡¡¡te pueden hacer lo mismo a ti también!!! ¿Te atreves con el reto Bezzerwizzer?','EL SABER ESTÁ EN JUEGO\r\nFalomir lanza Bezzerwizzer, el juego de preguntas y respuestas de mayor éxito en el norte de Europa.\r\nCon 20 categorías y más de 4000 preguntas',NULL,NULL,'ADM001_cover_630965c19d4c611f40.jpeg','gallery_63555bad8f1339694.jpeg','gallery_600145bad8f1339b9c.png',NULL,'gallery_719105c24b892dea24.jpeg','gallery_10145c25ee1468993.jpg','<iframe width=\"560\" height=\"315\" src=\"https://www.youtube.com/embed/RRFnxTAexxU\" frameborder=\"0\" allow=\"accelerometer; autoplay; encrypted-media; gyroscope; picture-in-picture\" allowfullscreen></iframe>',0,0,15,11,88,'1','2018-09-28 04:16:51','2019-05-19 23:42:00'),(89,' 26549','Talk & win BEST SELLER PLUS ','12','25,6 x 25,6 x 6,3','252 tarjetas, 1 reloj de arena, tablero, 2 peones, instrucciones.',NULL,'Cuantas más tarjetas contestéis más avanzaréis. Un juego de habilidad, colaboración y diversión. Dividíos en dos equipos… describid, haced payasadas, sonidos y cualquier otra cosa que se os ocurra para acertar el máximo de palabras. ¡Ok, la acertamos! Rápido, ¡siguiente tarjeta! 3 categorías de tarjetas 1.- Descripción Si caéis en una casilla Persona, Mundo, Objeto, Acción, Naturaleza, Varios o Reto es momento de describir las palabras con ayuda de frases, gestos, sonidos y todo lo que se os pase por la cabeza. 2.-La lista ¿Queréis pasar a la siguiente tarjeta?, pues decid 5 palabras relacionadas con el concepto que aparece en ella. 3.-Ordenar Correctamente ¿Cuál es más antiguo? ¿Cuál es más pequeño? ¿Cuál es más veloz? Averiguad cuál es el orden correcto de los 5 conceptos que aparecen en la tarjeta. ','-',NULL,NULL,'ADM001_cover_356495c19d4fe07551.jpeg','gallery_440965bad9018acf84.png','gallery_506945bad9018ad4c5.png',NULL,NULL,NULL,NULL,0,0,15,11,89,'1','2018-09-28 04:21:12','2019-05-19 23:41:59'),(90,' 26548','Sketchy BEST SELLER PLUS ','8','25,6 x 25,6 x 6,3','100 Tarjetas, dado, cronómetro electrónico, 8 lápices, bloc de papel “Sketchy”. ',NULL,'¿Preparados? ¿Listos ?..¡Ya! Dibujad rápidamente cosas relacionadas con la categoría que ha salido en el dado, como por ejemplo…”Cosas que se pueden enchufar”. Vais a perder los estribos intentando coincidir con las respuestas de vuestro compañero. Cuando el tiempo se acabe comprobaréis cuántos dibujos coinciden. Veréis que no hay nada mejor ni más divertido que ¡jugar a SKETCHY! ','-',NULL,NULL,'ADM001_cover_817555c19d529c84ad.jpeg','gallery_649075bad9527c69b3.jpeg','gallery_626935bad90d4d8eda.png',NULL,NULL,NULL,NULL,0,0,15,11,90,'1','2018-09-28 04:42:47','2019-05-19 23:41:59'),(91,' 25008','Cámara y Acción BEST SELLER PLUS','12','27 x 27 x 7','250 tarjetas, 2 libretas anotación, 2 lápices, 1 reloj de arena, instrucciones.',NULL,'Conviértete en un director, un actor, un mimo, un poeta. ¡Libera al artista que hay dentro de ti! Formad dos equipos y ganad tantos puntos como sea posible cumpliendo con éxito todos los desafíos de las tarjetas en el tiempo asignado por el reloj. Hay 700 retos de 5 categorías (mímica, improvisación, preguntas, interpretación y poesía.) El equipo que obtenga más puntos en las rondas que estipuléis será el ganador.','-',NULL,NULL,'ADM001_cover_47695c19d55972313.jpeg','gallery_316115bad963c0ba91.png','gallery_83325bad963c0c0cb.png',NULL,NULL,NULL,NULL,0,0,15,11,91,'1','2018-09-28 04:47:24','2019-05-19 23:41:22'),(92,'24012  ','Last Word ','14','20,4 x 27 x 6,4 cm','2 tableros de juego, 230 tarjetas de tema, 56 tarjetas de letras, 8 peones de color, 1 temporizador electrónico, instrucciones.',NULL,'El juego que decide quién tiene la última palabra. Con más de 1.000.000 de unidades vendidas en EE.UU. llega a España LAST WORD. Todos saben la pregunta ... todos saben las repuestas ... pero lo que nadie sabe es cuándo acaba el tiempo para contestar. Puedes contestar todas las veces que quieras, pero no puedes repetir lo que han contestado tus compañeros. ¡CONTESTA JUSTO ANTES DE QUE SE ACABE EL TIEMPO!','',NULL,NULL,'ADM001_cover_284995c19d5824afca.jpeg','gallery_912545bad96f05b37c.png','gallery_704615bad96f05b98c.png',NULL,NULL,NULL,NULL,0,0,15,11,92,'1','2018-09-28 04:50:24','2019-05-19 23:41:25'),(93,' 27525','Cifras y Letras ','10','25,6 x 25,6 x 6,3','Tablero cartón con ruleta incluida, 2 blocs de notas, 4 rotuladores, 360 tarjetas, 1 reloj de arena, 4 peones',NULL,'\r\nCifras y Letras es un juego para combinar letras y calcular. Intenta hacer la palabra más larga con la combinación de letras que salga, o bien intenta llegar al número exacto con las cifras que aparezcan.\r\n','-',NULL,NULL,'ADM001_cover_88445c19d5adee064.jpeg','gallery_452845bad97728c873.jpeg','gallery_96375bad97728d416.png',NULL,NULL,NULL,NULL,0,0,15,11,93,'1','2018-09-28 04:52:34','2019-05-19 23:42:05'),(94,' 4200','Sinónimos y Antónimos ','9','25 x 35,5 x 6','1 tablero\r\n6 fichas + 6 peones\r\n432 tarjetas preguntas\r\n1 reloj de arena',NULL,'El juego de los sinónimos, contrarios e ideas afines. Sé el primero que completa las vueltas estipuladas al tablero contestando con sinónimos o antónimos dependiendo de la casilla en la que caigas.\r\n','-',NULL,NULL,'ADM001_cover_156145c19d5d5e9218.jpeg','gallery_673365bad97eaba32f.jpeg','gallery_308315bad97eabaa7b.png',NULL,NULL,NULL,NULL,0,0,15,11,94,'1','2018-09-28 04:54:34','2019-05-19 23:41:17'),(95,' 1040','Caja Magia 50 Trucos ','7','21 x 29,6 x 4,8','Contiene manual y accesorios para realizar 50 Trucos diferentes.','Contains manual and accessories to perform 50 different tricks.','Con la caja de 50 Trucos de Magia Falomir podrás realizar divertidos trucos e iniciarte en el mundo de la magia.\r\nPuedes descubrir trucos de este juego en nuestro canal YouTube','-','With the box of 50 Magic Tricks Falomir you can perform fun tricks and get started in the world of magic.\r\nYou can discover tricks of this game on our YouTube channel','-','ADM001_cover_138265c19bfbb91df1.jpeg','gallery_904455bad98d1c1565.jpeg','gallery_16635bad98d1c1c6f.png',NULL,NULL,NULL,NULL,0,0,12,NULL,1,'1','2018-09-28 04:58:25','2019-05-23 06:04:03'),(96,' 1060','Caja Magia 100 Trucos ','7','24 x 35,6 x 4,7','Contiene manual y accesorios para realizar 100 Trucos diferentes.',NULL,'Con la caja de 100 Trucos de Magia Falomir podrás realizar divertidos trucos e iniciarte en el mundo de la magia.\r\nPuedes descubrir trucos de este juego en nuestro canal YouTube','-',NULL,NULL,'ADM001_cover_325805c19c27a275a5.jpeg','gallery_681115bad99754918c.jpeg','gallery_972995bad997549b5b.png',NULL,NULL,NULL,NULL,0,0,12,NULL,96,'1','2018-09-28 05:01:09','2019-05-19 23:43:42'),(97,' 1160','Taller de Magia 200 Trucos','7','30 x 43 x 5','Contiene manual y accesorios para realizar 200 Trucos diferentes','Contains manual and accessories to perform 200 different tricks','Con la caja de 200 Trucos de Magia Falomir podrás realizar divertidos trucos e iniciarte en el mundo de la magia.\r\nPuedes descubrir trucos de este juego en nuestro canal YouTube','-','With the box of 200 Magic Tricks Falomir you can perform fun tricks and start in the world of magic.\r\nYou can discover tricks of this game on our YouTube channel',NULL,'ADM001_cover_981845c19c2dac9148.jpeg','gallery_27375bad9a64bf773.jpeg','gallery_567085bad9a64bffa3.png',NULL,NULL,NULL,NULL,0,0,12,NULL,97,'1','2018-09-28 05:05:08','2019-05-19 23:41:01'),(98,' 28435','Alfarería POP ART ','8','27 x 39 x 6','    2 bandejas de plástico con 18 moldes.\r\n    Juego de 6 acuarelas.\r\n    Pincel.\r\n    Bolsa con escayola.\r\n    Cazoleta y espátula.\r\n    Instrucciones.',NULL,'El mundo del POP ART en tus manos hecho de escayola. 18 moldes que te llevarán a la parte más creativa de esa tendencia. Para decorar con acuarelas a tu gusto.\r\n','-',NULL,NULL,'ADM001_cover_205675c19b172054a1.jpeg','gallery_683885bb00ce87540c.png','gallery_918675bb00ce875e03.png',NULL,NULL,NULL,NULL,0,0,14,NULL,98,'1','2018-09-30 01:38:16','2019-05-19 23:42:38'),(99,' 28436','Alfarería Flower Power','8','27 x 39 x 6','2 bandejas de plástico con 15 moldes.\r\nJuego de 6 acuarelas.\r\nPincel.\r\nBolsa con escayola.\r\nCazoleta y espátula.\r\nInstrucciones. ',NULL,'Alfarería Flower Power. 15 moldes para escayola llenos de paz y amor para decorarlos a tu gusto.','-',NULL,NULL,'ADM001_cover_434875c19b221d1d55.jpeg','gallery_312855bb00d57d45d0.png','gallery_580295bb00d57d4fc8.png',NULL,NULL,NULL,NULL,0,0,14,NULL,99,'1','2018-09-30 01:40:07','2019-05-19 23:42:38'),(100,' 28437','Alfarería Princess','8','27 x 39 x 6','2 bandejas de plástico con 10 moldes.\r\nJuego de 6 acuarelas.\r\nPincel.\r\nBolsa con escayola.\r\nCazoleta y espátula.\r\nInstrucciones. ',NULL,'Crea y decora tus modelos de escayola de temática princesas. Con 10 moldes diferentes.','-',NULL,NULL,'ADM001_cover_513255c19b2771d014.jpeg','gallery_591585bb00df272915.png','gallery_405315bb00df272ef1.png',NULL,NULL,NULL,NULL,0,0,14,NULL,100,'1','2018-09-30 01:42:42','2019-05-19 23:42:37'),(101,'28438','Alfarería Piratas','8','27 x 39 x 6','2 bandejas de plástico con 14 moldes.\r\nJuego de 6 acuarelas.\r\nPincel.\r\nBolsa con escayola.\r\nCazoleta y espátula.\r\nInstrucciones. ',NULL,'Moldea tus diseños con figuras piratas de escayola. Luego podrás decorarlas pintándolas a tu gusto. Con 14 moldes distintos.','-',NULL,NULL,'ADM001_cover_778545c19b355c1092.jpeg','gallery_834405bb00f578d4c9.png','gallery_563845bb00f578da51.png',NULL,NULL,NULL,NULL,0,0,14,NULL,101,'1','2018-09-30 01:48:39','2019-05-19 23:42:37'),(102,' 28439','Alfarería Dinosaurios ','8','27 x 39 x 6','2 bandejas de plástico con 8 moldes.\r\nJuego de 6 acuarelas.\r\nPincel.\r\nBolsa con escayola.\r\nCazoleta y espátula.\r\nInstrucciones.',NULL,'¿Vas buscando huesos de dinosaurio cuando sales al campo? Con Alfarería Dinosaurios podrás moldear tus propios esqueletos del Jurásico y decorarlos a tu gusto. Con 8 moldes diferentes.\r\n','-',NULL,NULL,'ADM001_cover_887105c19b3d5782f6.jpeg','gallery_469255bb00fc1f0700.png','gallery_702845bb00fc1f0fe6.png',NULL,NULL,NULL,NULL,0,0,14,NULL,102,'1','2018-09-30 01:50:25','2019-05-19 23:42:36'),(103,' 26539','ALFARERÍA','8','26,8 x 39 x 5,8','1 Bolsa de escayola\r\n1 Molde jarra\r\n1 Molde vasija\r\n1 Cánula de plástico\r\n4 Clips cierre moldes jarra-vasija\r\n2 Soportes moldes jarra-vasija\r\n1 Espátula\r\n1 Cazoleta\r\n1 Pincel\r\n1 Juego de acuarelas',NULL,'Deja volar tu imaginación y conviértete en un artista. Con ALFARERÍA, podrás decorar como quieras las piezas que hayas creado antes con escayola. En este juego dispones de moldes para realizar jarras y vasijas, así como de acuarelas para decorarlas y de la escayola necesaria.\r\n','-',NULL,NULL,'ADM001_cover_978695c19c390a9ada.jpeg','gallery_246245bb01250d2a16.png','gallery_842135bb01250d3000.png',NULL,NULL,NULL,NULL,0,0,14,NULL,103,'1','2018-09-30 02:01:20','2019-05-19 23:41:56'),(104,' 26540','ALFARERÍA PLUS ','8','34 x 49,5 x 6','1 Bolsa de escayola\r\n1 Molde jarra\r\n1 Molde vasija\r\n2 Moldes maceta\r\n2 Cánulas de plástico\r\n2 Vacíos maceta\r\n4 Clips cierre moldes jarra-vasija\r\n8 Clips cierre moldes maceta\r\n2 Soportes moldes jarra-vasija\r\n2 Bandejas con 30 moldes de ?guras planas\r\n1 Espátula\r\n1 Cazoleta\r\n1 Pincel\r\n1 Juego de acuarelas',NULL,'Deja volar tu imaginación y conviértete en un artista. Con ALFARERÍA PLUS, podrás decorar como quieras las piezas que hayas creado antes con escayola. En este juego dispones de moldes para realizar jarras, vasijas, macetas y figuras en relieve, así como de acuarelas para decorarlas y de la escayola necesaria.\r\n','-',NULL,NULL,'ADM001_cover_779505c19c3f90ad8f.jpeg','gallery_405785bb0131e55fa6.png','gallery_624415bb0131e5650b.png',NULL,NULL,NULL,NULL,0,0,14,NULL,104,'1','2018-09-30 02:04:46','2019-05-19 23:41:57'),(105,' 11531','Tatuajes Mágicos Azul ','6',' 27 x 38,8 x 5,1','1 pupitre, 4 rotuladores, Tarjetas con diseños, 25 hojas de papel cebolla, 1 esponjita.',NULL,'¡¡Crea y decora tus propios tatuajes mágicos!!','-',NULL,NULL,'ADM001_cover_420375c19c451d8830.jpeg','gallery_53075bb0138d035f0.png','gallery_637335bb0138d03b7a.png',NULL,NULL,NULL,NULL,0,0,14,NULL,105,'1','2018-09-30 02:06:37','2019-05-19 23:41:14'),(106,'11532','Tatuajes Mágicos Rosa ','6','27 x 38,8 x 5,1','1 pupitre, 4 rotuladores, Tarjetas con diseños, 25 hojas de papel cebolla, 1 esponjita.',NULL,'¡¡Crea y decora tus propios tatuajes mágicos!!','-',NULL,NULL,'ADM001_cover_321515c19c4aa16db1.jpeg','gallery_544875bb013fa754ec.png','gallery_58795bb013fa75a66.png',NULL,NULL,NULL,NULL,0,0,14,NULL,106,'1','2018-09-30 02:08:26','2019-05-19 23:41:13'),(107,' 2484','Mis Tatuajes y Pegatinas','6','33,8 x 49,4 x 6','Papel cebolla, Máquina de tatuajes, 4 rotuladores, Hojas con diseños, Tatuajes, Esponja, pegatinas','Onion paper, Tattoo machine, 4 markers, Leaves with designs, Tattoos, Sponge, stickers','Pásatelo en grande creando tus propios tatuajes y pegatinas, crea diseños únicos, fáciles de poner y quitar.','-','Have a great time creating your own tattoos and stickers, create unique designs, easy to put on and take off.',NULL,'ADM001_cover_443575c19c5028e5b1.jpeg','gallery_242035bb0157b891ee.png','gallery_499125bb0157b899a9.png',NULL,NULL,NULL,NULL,0,0,14,NULL,107,'1','2018-09-30 02:14:51','2019-05-19 23:41:07'),(108,' 11539','Diseños Mágicos','4','27 x 38,8 x 5,1','1 pantalla de diseño, 5 Placas reversibles, 9 rotuladores, 8 hojas, 1 rascador.',NULL,'Este juego ofrece la posibilidad a los niños de pasar un rato divertido, imaginando y creando, gracias a la cantidad de combinaciones de sus plantillas, podrán crear diferentes movimientos y vestir de muchas maneras diferentes a sus personajes. Con este juego podrán desarrollar la creatividad e imaginación.\r\n','',NULL,NULL,'ADM001_cover_177705c19c5a630bbe.jpeg','gallery_520265bb0160048556.png','gallery_876945bb0160048d89.png',NULL,NULL,NULL,NULL,0,0,14,NULL,108,'1','2018-09-30 02:17:04','2019-05-19 23:41:12');

UNLOCK TABLES;

--
-- Table structure for table `products_category`
--

DROP TABLE IF EXISTS `products_category`;


CREATE TABLE `products_category` (
  `id` int(11) NOT NULL AUTO_INCREMENT,
  `name` varchar(255) COLLATE latin1_general_ci NOT NULL,
  `name_en` varchar(180) COLLATE latin1_general_ci DEFAULT NULL,
  `nameB` varchar(150) COLLATE latin1_general_ci NOT NULL,
  `image` varchar(180) COLLATE latin1_general_ci DEFAULT NULL,
  `banner` varchar(180) COLLATE latin1_general_ci DEFAULT NULL,
  `background_color` varchar(50) COLLATE latin1_general_ci DEFAULT NULL,
  `description` text COLLATE latin1_general_ci,
  `description_en` text COLLATE latin1_general_ci,
  `principal` int(2) NOT NULL,
  `father_id` int(11) DEFAULT NULL,
  PRIMARY KEY (`id`),
  KEY `father_id` (`father_id`),
  CONSTRAINT `products_category_ibfk_1` FOREIGN KEY (`father_id`) REFERENCES `products_category` (`id`) ON DELETE NO ACTION ON UPDATE CASCADE
) ENGINE=InnoDB AUTO_INCREMENT=16 DEFAULT CHARSET=latin1 COLLATE=latin1_general_ci;


--
-- Dumping data for table `products_category`
--

LOCK TABLES `products_category` WRITE;

INSERT INTO `products_category` VALUES (2,'Bingos','Bingos','',NULL,NULL,NULL,NULL,NULL,0,13),(3,'Tableros','Boards','','ADM001_cat_393245bacbd507073e.jpeg',NULL,NULL,'Lorem ipsum dolor sit amet, consectetur adipiscing elit. Integer interdum urna ac libero viverra, sed bibendum lacus sagittis. Maecenas ullamcorper tellus placerat lorem rhoncus, eget volutpat dolor placerat.','Lorem ipsum dolor sit amet, consectetur adipiscing elit. Integer interdum urna ac libero viverra, sed bibendum lacus sagittis. Maecenas ullamcorper tellus placerat lorem rhoncus, eget volutpat dolor placerat.',0,13),(4,'Magnéticos','Magnetics','',NULL,NULL,NULL,NULL,NULL,0,13),(5,'Dominós','Dominoes','',NULL,NULL,NULL,NULL,NULL,0,13),(6,'Accesorios','Accessories','',NULL,NULL,NULL,NULL,NULL,0,13),(7,'Habilidad','Ability','JUEGOS DE HABILIDAD.','ADM001_cat_330885bad725048fff.jpeg','banner_122315c0db3a953622.png','#e4b34d','Te encantará aprender así.<br>\r\nPotenciar la creatividad, la estrategia, aprender sobre estructuras, mejorar la precisión, la psicomotricidad y además ¡pasarlo en grande! Si es que… los juegos de habilidad ¡lo tienen todo!','You will love learning like that.<br>\r\nEnhance creativity, strategy, learn about structures, improve accuracy, psychomotor skills and also have a great time! If that ... skill games have it all!',1,NULL),(8,'Cartas','Cards','',NULL,NULL,NULL,NULL,NULL,0,15),(9,'Educativos','Educational','',NULL,NULL,NULL,NULL,NULL,0,15),(10,'Infantiles','Infantile','',NULL,NULL,NULL,NULL,NULL,0,15),(11,'Family & Friends','Family & Friends','',NULL,NULL,NULL,NULL,NULL,0,15),(12,'Magia','Magic','ECHALE MAGIA Y DIBI DIBADI DIBÚ','ADM001_cat_330385bad726c1e4ea.jpeg','banner_621315c0db3e22029a.png','#6cd8a9','Crecer, aprender, practicar y mejorar es el sueño de cualquier pequeño mago y con nuestro nuevo canal de magia lo tendrá muy fácil. Descubre todos los trucos de magia de la mano del mago Rafa Tamarit y los juegos de magia de Falomir.','Growing, learning, practicing and improving is the dream of any little magician and with our new magic channel it will be very easy. Discover all the magic tricks from the hand of the magician Rafa Tamarit and the magic games of Falomir.',1,NULL),(13,'Juegos Clásicos','Classic Games','JUEGOS CLÁSICOS. QUE LA NOSTALGIA TE ACOMPAÑE','ADM001_cat_144375c2351134e987.jpeg','banner_368655c0db46cb2d1e.png','#99aed9','QUE LA NOSTALGIA TE ACOMPAÑE.<br>\r\nAprender a ganar con deportividad se practica toda la vida, tengas 5 o 100 años... Entrena tu habilidad, tu picardía o tu agilidad mental con los juegos más nostálgicos de nuestra colección.','THAT THE NOSTALGIA ACCOMPANY YOU.<br>\r\nLearning to win with sportsmanship is practiced all your life, whether you have 5 or 100 years ... Train your skill, your playfulness or your mental agility with the most nostalgic games of our collection.',1,NULL),(14,'Artísticos','Artistic','',NULL,'banner_156605c2355097f966.png','#546dc7','Hay tantas posibilidades como colores tiene el mundo. Por eso, para desarrollar la creatividad, el pensamiento divergente y además pasar una tarde estupenda, nada mejor que nuestros juegos de manualidades. Un lienzo en blanco para que expresen todo lo que quieran.','There are as many possibilities as there are colors in the world. Therefore, to develop creativity, divergent thinking and also spend a wonderful afternoon, nothing better than our games of crafts. A blank canvas to express everything you want.',1,NULL),(15,'Juegos de Mesa','Board Games','APRENDER Y DIVERTIRSE ES LO MISMO CON LOS JUEGOS DE MESA','ADM001_cat_411145c0da32045e1e.jpeg','banner_521745c0da1b1d5208.png','#cea5d0','Desde siempre, se aprende a compartir alrededor de una mesa y si es con nuestros juegos se aprende mucho mejor. Crea tus estrategias y machaca a la familia pero siempre con deportividad.','From always, you learn to share around a table and if it is with our games you learn much better. Create your strategies and crush the family but always with sportsmanship.',1,NULL);

UNLOCK TABLES;

--
-- Table structure for table `products_subcategory`
--

DROP TABLE IF EXISTS `products_subcategory`;


CREATE TABLE `products_subcategory` (
  `id` int(11) NOT NULL AUTO_INCREMENT,
  `name` varchar(255) NOT NULL,
  `category_id` int(11) DEFAULT NULL,
  PRIMARY KEY (`id`),
  KEY `category_id` (`category_id`),
  CONSTRAINT `products_subcategory_ibfk_1` FOREIGN KEY (`category_id`) REFERENCES `products_category` (`id`) ON DELETE CASCADE ON UPDATE CASCADE
) ENGINE=InnoDB AUTO_INCREMENT=11 DEFAULT CHARSET=utf8;


--
-- Dumping data for table `products_subcategory`
--

LOCK TABLES `products_subcategory` WRITE;

INSERT INTO `products_subcategory` VALUES (2,'Bingo',13),(3,'Tableros',13),(4,'Magnéticos',13),(5,'Dominó',13),(6,'Accesorios',13),(7,'Cartas',13),(8,'Educativos',15),(9,'Infantiles',15),(10,'Family and Friends',15);

UNLOCK TABLES;

--
-- Table structure for table `role`
--

DROP TABLE IF EXISTS `role`;


CREATE TABLE `role` (
  `id` int(11) NOT NULL AUTO_INCREMENT,
  `role` varchar(80) NOT NULL,
  `role_name` varchar(80) NOT NULL,
  PRIMARY KEY (`id`)
) ENGINE=InnoDB AUTO_INCREMENT=4 DEFAULT CHARSET=latin1;


--
-- Dumping data for table `role`
--

LOCK TABLES `role` WRITE;

INSERT INTO `role` VALUES (1,'ROLE_ADMIN','ADMINISTRADOR'),(2,'ROLE_MODERATOR','MODERADOR'),(3,'ROLE_USER','USUARIO');

UNLOCK TABLES;

--
-- Table structure for table `seo`
--

DROP TABLE IF EXISTS `seo`;


CREATE TABLE `seo` (
  `id` int(11) NOT NULL AUTO_INCREMENT,
  `keywords` text CHARACTER SET latin1 COLLATE latin1_general_ci,
  `description` text CHARACTER SET latin1 COLLATE latin1_general_ci,
  `title` text,
  `section` int(2) DEFAULT NULL,
  `product_id` int(11) DEFAULT NULL,
  `post_id` int(11) DEFAULT NULL,
  PRIMARY KEY (`id`),
  KEY `post_id` (`post_id`),
  KEY `product_id` (`product_id`),
  CONSTRAINT `seo_ibfk_2` FOREIGN KEY (`product_id`) REFERENCES `products` (`id`) ON DELETE SET NULL ON UPDATE CASCADE,
  CONSTRAINT `seo_ibfk_1` FOREIGN KEY (`post_id`) REFERENCES `news` (`id`) ON DELETE SET NULL ON UPDATE CASCADE
) ENGINE=InnoDB AUTO_INCREMENT=3 DEFAULT CHARSET=utf8;


--
-- Dumping data for table `seo`
--

LOCK TABLES `seo` WRITE;

INSERT INTO `seo` VALUES (1,'test','test d',NULL,NULL,NULL,NULL),(2,'p test e','desc e','test e',1,95,NULL);

UNLOCK TABLES;

--
-- Table structure for table `user`
--

DROP TABLE IF EXISTS `user`;


CREATE TABLE `user` (
  `id` int(11) NOT NULL AUTO_INCREMENT,
  `username` varchar(180) NOT NULL,
  `email` varchar(180) NOT NULL,
  `password` varchar(255) NOT NULL,
  `role` int(11) NOT NULL,
  `status_id` int(2) NOT NULL,
  `username_canonical` varchar(180) NOT NULL,
  `email_canonical` varchar(180) NOT NULL,
  `profile_image` varchar(180) DEFAULT NULL,
  `code` varchar(180) DEFAULT NULL,
  `online` int(2) NOT NULL,
  `last_login` datetime DEFAULT NULL,
  `password_requested_at` datetime DEFAULT NULL,
  `create_at` datetime NOT NULL,
  `update_at` datetime NOT NULL,
  PRIMARY KEY (`id`),
  UNIQUE KEY `UC_users` (`username`,`email`),
  KEY `role` (`role`),
  KEY `status` (`status_id`),
  CONSTRAINT `user_ibfk_1` FOREIGN KEY (`role`) REFERENCES `role` (`id`) ON DELETE NO ACTION ON UPDATE CASCADE,
  CONSTRAINT `user_ibfk_2` FOREIGN KEY (`status_id`) REFERENCES `user_status` (`id`) ON DELETE NO ACTION ON UPDATE CASCADE
) ENGINE=InnoDB AUTO_INCREMENT=8 DEFAULT CHARSET=latin1;


--
-- Dumping data for table `user`
--

LOCK TABLES `user` WRITE;

INSERT INTO `user` VALUES (1,'MACROALI','ali.jose118@gmail.com','$2y$12$sfYKFZlzfp53s5VQyKhPW.R5W/RjFBP8PSDqycq8.6nclmvUCtkpe',1,2,'MACROALI','ali.jose118@gmail.com','1_banner_767375b6b0e0435258.jpeg','ADM001',2,'2019-05-23 06:03:31',NULL,'2018-08-08 17:37:31','2018-08-08 17:37:31'),(5,'INKUBE','rufi@inkube.net','$2y$12$z/Gb2gXyWDH0NKRbQTfDVe.H4Ylv8B96Ona3EkQMyK0W4ksvtFxSe',1,2,'INKUBE','rufi@inkube.net',NULL,'5mmlm',2,NULL,NULL,'2018-09-25 02:14:53','2018-09-25 02:14:53'),(6,'TEST','rufi@inkube.es','$2y$12$TWmLxL0SgctX/UGnD48GYu.G1t/TIyJ7UW0nMHACL5BdMfsHoWFzq',1,2,'TEST','rufi@inkube.es',NULL,'6xsJmj',2,NULL,NULL,'2018-10-02 10:10:36','2018-10-02 10:10:36'),(7,'FALOMIR','test@falomir.com','$2y$12$sfYKFZlzfp53s5VQyKhPW.R5W/RjFBP8PSDqycq8.6nclmvUCtkpe',1,2,'FALOMIR','test@falomir.com','1_banner_767375b6b0e0435258.jpeg','ADM001',2,'2019-05-20 13:43:43',NULL,'2018-08-08 17:37:31','2018-08-08 17:37:31');

UNLOCK TABLES;

--
-- Table structure for table `user_information`
--

DROP TABLE IF EXISTS `user_information`;


CREATE TABLE `user_information` (
  `id` int(11) NOT NULL AUTO_INCREMENT,
  `name` varchar(180) COLLATE latin1_general_ci NOT NULL,
  `last_name` varchar(180) COLLATE latin1_general_ci NOT NULL,
  `user_id` int(11) NOT NULL,
  `country_id` int(11) DEFAULT NULL,
  `direction` text COLLATE latin1_general_ci,
  `phone_1` varchar(15) COLLATE latin1_general_ci NOT NULL,
  `phone_2` varchar(15) COLLATE latin1_general_ci DEFAULT NULL,
  `note` text COLLATE latin1_general_ci,
  PRIMARY KEY (`id`),
  KEY `country_id` (`country_id`),
  KEY `user_id` (`user_id`),
  CONSTRAINT `user_information_ibfk_1` FOREIGN KEY (`country_id`) REFERENCES `country` (`id`) ON DELETE NO ACTION ON UPDATE CASCADE,
  CONSTRAINT `user_information_ibfk_2` FOREIGN KEY (`user_id`) REFERENCES `user` (`id`) ON DELETE CASCADE ON UPDATE CASCADE
) ENGINE=InnoDB AUTO_INCREMENT=7 DEFAULT CHARSET=latin1 COLLATE=latin1_general_ci;


--
-- Dumping data for table `user_information`
--

LOCK TABLES `user_information` WRITE;

INSERT INTO `user_information` VALUES (1,'ALI','GUEVARA',1,3,NULL,'123456','132456',NULL),(5,'RUFI','-',5,NULL,NULL,'123456','','Administrador'),(6,'RUFI','ASENSIO MARTINEZ',6,NULL,NULL,'669081554','','Prueba de usuario');

UNLOCK TABLES;

--
-- Table structure for table `user_logs`
--

DROP TABLE IF EXISTS `user_logs`;


CREATE TABLE `user_logs` (
  `id` int(11) NOT NULL AUTO_INCREMENT,
  `user_id` int(11) NOT NULL,
  `username` varchar(180) NOT NULL,
  `action` text NOT NULL,
  `ip_access` varchar(20) DEFAULT NULL,
  `ip_proxy` varchar(20) DEFAULT NULL,
  `ip_company` varchar(20) DEFAULT NULL,
  `create_at` datetime NOT NULL,
  PRIMARY KEY (`id`),
  KEY `user_id` (`user_id`),
  CONSTRAINT `user_logs_ibfk_1` FOREIGN KEY (`user_id`) REFERENCES `user` (`id`) ON DELETE NO ACTION ON UPDATE CASCADE
) ENGINE=InnoDB AUTO_INCREMENT=750 DEFAULT CHARSET=latin1;


--
-- Dumping data for table `user_logs`
--

LOCK TABLES `user_logs` WRITE;

INSERT INTO `user_logs` VALUES (1,1,'MACROALI','Inicio de sesión','::1','','','2018-08-29 04:28:39'),(2,1,'MACROALI','Agregando un nuevo usuario: BBBBB - id: 2','::1','','','2018-08-29 04:48:44'),(3,1,'MACROALI','Agregando un nuevo usuario: AAAAAA - id: 3','::1','','','2018-08-29 04:57:27'),(4,1,'MACROALI','Agregando un nuevo usuario: BBBBB - id: 4','::1','','','2018-08-29 05:01:35'),(5,1,'MACROALI','Editando usuario: BBBBB - id: 4','::1','','','2018-08-29 05:10:52'),(6,1,'MACROALI','Editando usuario: BBBBB - id: 4','::1','','','2018-08-29 05:12:43'),(7,1,'MACROALI','Editando usuario: BBBBB - id: 4','::1','','','2018-08-29 05:12:58'),(8,1,'MACROALI','Inicio de sesión','::1','','','2018-09-08 04:06:35'),(9,1,'MACROALI','Inicio de sesión','::1','','','2018-09-09 02:36:18'),(10,1,'MACROALI','Agregando categoría de producto: Categoría 1 - id: 1','::1','','','2018-09-09 05:34:03'),(11,1,'MACROALI','Editando categoría de producto: Categoría 1 - id: 1','::1','','','2018-09-09 05:43:06'),(12,1,'MACROALI','Editando categoría de producto: Categoría E - id: 1','::1','','','2018-09-09 05:43:11'),(13,1,'MACROALI','Editando categoría de producto: Categoría E - id: 1','::1','','','2018-09-09 05:43:45'),(14,1,'MACROALI','Eliminando categoría: Categoría E - ID: 1','::1','','','2018-09-09 05:54:20'),(15,1,'MACROALI','Agregando categoría de producto: Categoria 1 - id: 2','::1','','','2018-09-09 05:55:08'),(16,1,'MACROALI','Agregando categoría de producto: Categoría 2 - id: 3','::1','','','2018-09-09 05:55:29'),(17,1,'MACROALI','Agregando categoría de producto: Categoría 3 - id: 4','::1','','','2018-09-09 05:55:53'),(18,1,'MACROALI','Agregando categoría de producto: Categoría 4 - id: 5','::1','','','2018-09-09 05:56:14'),(19,1,'MACROALI','Inicio de sesión','::1','','','2018-09-09 18:38:45'),(20,1,'MACROALI','Inicio de sesión','::1','','','2018-09-11 01:08:29'),(21,1,'MACROALI','Agregando producto: tyjtyj - id: 1','::1','','','2018-09-11 02:15:21'),(22,1,'MACROALI','Agregando producto: sryjsryj - id: 2','::1','','','2018-09-11 02:35:33'),(23,1,'MACROALI','Agregando producto: thssth - id: 3','::1','','','2018-09-11 02:38:50'),(24,1,'MACROALI','Agregando producto: strh - id: 4','::1','','','2018-09-11 02:47:28'),(25,1,'MACROALI','Editando producto: strh - id: 4','::1','','','2018-09-11 03:50:02'),(26,1,'MACROALI','Editando producto: strh - id: 4','::1','','','2018-09-11 03:50:09'),(27,1,'MACROALI','Editando producto: strh - id: 4','::1','','','2018-09-11 03:50:39'),(28,1,'MACROALI','Editando producto: strh - id: 4','::1','','','2018-09-11 03:54:22'),(29,1,'MACROALI','Editando producto: strh - id: 4','::1','','','2018-09-11 03:54:39'),(30,1,'MACROALI','Editando producto: strh - id: 4','::1','','','2018-09-11 03:54:54'),(31,1,'MACROALI','Editando producto: strh - id: 4','::1','','','2018-09-11 03:55:01'),(32,1,'MACROALI','Editando producto: strh - id: 4','::1','','','2018-09-11 03:58:05'),(33,1,'MACROALI','Editando producto: strh - id: 4','::1','','','2018-09-11 04:05:20'),(34,1,'MACROALI','Agregando producto: tsrth - id: 5','::1','','','2018-09-11 04:10:54'),(35,1,'MACROALI','Agregando producto: dtukdtuk - id: 6','::1','','','2018-09-11 04:20:29'),(36,1,'MACROALI','Agregando producto: hrthtr - id: 7','::1','','','2018-09-11 04:23:33'),(37,1,'MACROALI','Editando producto: hrthtr - id: 7','::1','','','2018-09-11 04:24:36'),(38,1,'MACROALI','Agregando producto: jtyjtyj - id: 8','::1','','','2018-09-11 04:27:48'),(39,1,'MACROALI','Inicio de sesión','::1','','','2018-09-22 19:47:31'),(40,1,'MACROALI','Agregando producto: rtyhrth - id: 9','::1','','','2018-09-23 05:19:29'),(41,1,'MACROALI','Agregando producto: jrsj - id: 10','::1','','','2018-09-23 05:28:37'),(42,1,'MACROALI','Agregando producto: dshsd - id: 11','::1','','','2018-09-23 05:41:55'),(43,1,'MACROALI','Agregando producto: thth - id: 12','::1','','','2018-09-23 05:52:27'),(44,1,'MACROALI','Agregando producto: ureu - id: 13','::1','','','2018-09-23 06:07:08'),(45,1,'MACROALI','Agregando producto: ureu - id: 14','::1','','','2018-09-23 06:23:41'),(46,1,'MACROALI','Inicio de sesión','::1','','','2018-09-23 18:52:03'),(47,1,'MACROALI','Agregando producto: ghjkg - id: 20','::1','','','2018-09-23 19:06:00'),(48,1,'MACROALI','Editando producto: ghjkg - id: 20','::1','','','2018-09-23 19:23:50'),(49,1,'MACROALI','Editando producto: ghjkg - id: 20','::1','','','2018-09-23 19:30:58'),(50,1,'MACROALI','Editando producto: ghjkg - id: 20','::1','','','2018-09-23 19:42:17'),(51,1,'MACROALI','Eliminando producto: strh - ID: 4','::1','','','2018-09-23 20:20:13'),(52,1,'MACROALI','Eliminando producto: dshsd - ID: 11','::1','','','2018-09-23 20:21:21'),(53,1,'MACROALI','Eliminando producto: thth - ID: 12','::1','','','2018-09-23 20:23:18'),(54,1,'MACROALI','Agregando categoría de noticia: categoria 1 - id: 1','::1','','','2018-09-23 21:33:38'),(55,1,'MACROALI','Editando categoría de noticia: categoria 1 - id: 1','::1','','','2018-09-23 21:49:35'),(56,1,'MACROALI','Editando categoría de noticia: Categoria 1 - id: 1','::1','','','2018-09-23 21:49:45'),(57,1,'MACROALI','Agregando categoría de noticia: Categoría 2 - id: 2','::1','','','2018-09-23 21:52:15'),(58,1,'MACROALI','Agregando categoría de noticia: Categoria 3 - id: 3','::1','','','2018-09-23 21:52:27'),(59,1,'MACROALI','Agregando categoría de noticia: fgjyjytj - id: 4','::1','','','2018-09-23 22:08:49'),(60,1,'MACROALI','Agregando categoría de noticia: jxfhkgukuk - id: 5','::1','','','2018-09-23 22:09:03'),(61,1,'MACROALI','Eliminando categoría de noticia: jxfhkgukuk - ID: 5','::1','','','2018-09-23 22:10:55'),(62,1,'MACROALI','Eliminando categoría de noticia: fgjyjytj - ID: 4','::1','','','2018-09-23 22:10:57'),(63,1,'MACROALI','Agregando noticia: uytkyfuk - id: 2','::1','','','2018-09-24 03:21:30'),(64,1,'MACROALI','Agregando noticia: uytkyfuk - id: 3','::1','','','2018-09-24 03:22:20'),(65,1,'MACROALI','Agregando noticia: uytkyfuk - id: 4','::1','','','2018-09-24 03:23:14'),(66,1,'MACROALI','Agregando noticia: gkuk - id: 5','::1','','','2018-09-24 03:25:52'),(67,1,'MACROALI','Editando noticia: gkuk - id: 5','::1','','','2018-09-24 05:00:45'),(68,1,'MACROALI','Editando noticia: editado - id: 5','::1','','','2018-09-24 05:01:00'),(69,1,'MACROALI','Editando noticia: editado - id: 5','::1','','','2018-09-24 05:08:49'),(70,1,'MACROALI','Editando noticia: editado - id: 5','::1','','','2018-09-24 05:09:14'),(71,1,'MACROALI','Editando noticia: editado - id: 5','::1','','','2018-09-24 05:11:59'),(72,1,'MACROALI','Inicio de sesión','186.188.102.227','','','2018-09-25 01:31:06'),(73,1,'MACROALI','Agregando un nuevo usuario: INKUBE - id: 5','186.188.102.227','','','2018-09-25 02:14:53'),(74,1,'MACROALI','Inicio de sesión','186.188.102.227','','','2018-09-25 02:15:54'),(75,1,'MACROALI','Editando categoría de producto: Bingos - id: 2','186.188.102.227','','','2018-09-25 02:21:03'),(76,1,'MACROALI','Editando categoría de producto: Tableros - id: 3','186.188.102.227','','','2018-09-25 02:21:22'),(77,1,'MACROALI','Editando categoría de producto: Magnéticos - id: 4','186.188.102.227','','','2018-09-25 02:21:39'),(78,1,'MACROALI','Editando categoría de producto: Dominós - id: 5','186.188.102.227','','','2018-09-25 02:21:58'),(79,1,'MACROALI','Agregando categoría de producto: Accesorios - id: 6','186.188.102.227','','','2018-09-25 02:22:17'),(80,1,'MACROALI','Agregando categoría de producto: Habilidad - id: 7','186.188.102.227','','','2018-09-25 02:22:30'),(81,1,'MACROALI','Agregando categoría de producto: Cartas - id: 8','186.188.102.227','','','2018-09-25 02:22:37'),(82,1,'MACROALI','Agregando categoría de producto: Educativos - id: 9','186.188.102.227','','','2018-09-25 02:22:49'),(83,1,'MACROALI','Agregando categoría de producto: Infantiles - id: 10','186.188.102.227','','','2018-09-25 02:22:57'),(84,1,'MACROALI','Agregando categoría de producto: Family & Friends - id: 11','186.188.102.227','','','2018-09-25 02:23:13'),(85,1,'MACROALI','Agregando producto: BINGO BASIC AUTOMÁTICO - id: 21','186.188.102.227','','','2018-09-25 02:32:05'),(86,1,'MACROALI','Editando producto: BINGO BASIC AUTOMÁTICO - id: 21','186.188.102.227','','','2018-09-25 02:39:20'),(87,1,'MACROALI','Editando producto: BINGO BASIC AUTOMÁTICO - id: 21','186.188.102.227','','','2018-09-25 02:43:10'),(88,1,'MACROALI','Inicio de sesión','186.50.107.128','','','2018-09-25 04:15:40'),(89,1,'MACROALI','Agregando producto: BINGO ELÉCTRICO - id: 22','186.50.107.128','','','2018-09-25 04:34:00'),(90,1,'MACROALI','Editando producto: BINGO ELÉCTRICO - id: 22','186.50.107.128','','','2018-09-25 04:37:15'),(91,1,'MACROALI','Agregando producto: BINGO XXL Premium - id: 23','186.50.107.128','','','2018-09-25 04:42:45'),(92,1,'MACROALI','Editando producto: BINGO XXL Premium - id: 23','186.50.107.128','','','2018-09-25 04:46:28'),(93,1,'MACROALI','Agregando producto: Bingo - Lotto  - id: 24','186.50.107.128','','','2018-09-25 04:52:49'),(94,1,'MACROALI','Agregando producto: PARCHÍS OCA 33 cm.  - id: 25','186.50.107.128','','','2018-09-25 05:03:29'),(95,1,'MACROALI','Agregando producto: PARCHÍS AJEDREZ DAMAS 33 cm. - id: 26','186.50.107.128','','','2018-09-25 05:06:14'),(96,1,'MACROALI','Agregando producto: PARCHÍS OCA 40 cm.  - id: 27','186.50.107.128','','','2018-09-25 05:08:11'),(97,1,'MACROALI','Agregando producto: AJEDREZ DAMAS 40 cm.  - id: 28','186.50.107.128','','','2018-09-25 05:09:50'),(98,1,'MACROALI','Agregando producto: PARCHÍS 6 jugadores OCA 40 cm.  - id: 29','186.50.107.128','','','2018-09-25 05:11:21'),(99,1,'MACROALI','Agregando producto: PARCHÍS OCA 40 cm. más Accesorios - id: 30','186.50.107.128','','','2018-09-25 05:13:35'),(100,1,'MACROALI','Editando producto: PARCHÍS OCA 40 cm. más Accesorios - id: 30','186.50.107.128','','','2018-09-25 05:13:46'),(101,1,'MACROALI','Agregando producto: PARCHÍS 4 y 6 jugadores 40 cm.  - id: 31','186.50.107.128','','','2018-09-25 05:18:04'),(102,1,'MACROALI','Agregando producto: PARCHÍS CRISTAL - OCA 40 cm.  - id: 32','186.50.107.128','','','2018-09-25 05:20:22'),(103,1,'MACROALI','Agregando producto: PARCHÍS Ajedrez Damas 33 cm. más Accesorios  - id: 33','186.50.107.128','','','2018-09-25 05:23:00'),(104,1,'MACROALI','Editando producto: PARCHÍS Ajedrez Damas 33 cm. más Accesorios  - id: 33','186.50.107.128','','','2018-09-25 05:24:15'),(105,1,'MACROALI','Agregando producto: PARCHÍS 6 jugadores OCA 40 cm. más Accesorios  - id: 34','186.50.107.128','','','2018-09-25 05:29:08'),(106,1,'MACROALI','Agregando producto: Ajedrez Damas 40 cm. más Accesorios  - id: 35','186.50.107.128','','','2018-09-25 05:32:47'),(107,1,'MACROALI','Agregando producto:  PARCHÍS AUTOMÁTICO OCA 27923_dcha_prod1.jpg 27923_dcha_prod2.jpg 27923ppal.jpg 27923prev.jpg PARCHÍS AUTOMÁTICO OCA  - id: 36','186.50.107.128','','','2018-09-25 05:35:04'),(108,1,'MACROALI','Agregando producto: AJEDREZ MAGNÉTICO  - id: 37','186.50.107.128','','','2018-09-25 05:38:34'),(109,1,'MACROALI','Agregando producto: PARCHÍS MAGNÉTICO  - id: 38','186.50.107.128','','','2018-09-25 05:40:29'),(110,1,'MACROALI','Agregando producto: OCA MAGNÉTICO  - id: 39','186.50.107.128','','','2018-09-25 05:42:34'),(111,1,'MACROALI','Agregando producto: DAMAS MAGNÉTICO  - id: 40','186.50.107.128','','','2018-09-25 05:44:22'),(112,1,'MACROALI','Agregando producto: Ajedrez Damas Magnético 25 cm. - id: 41','186.50.107.128','','','2018-09-25 05:46:09'),(113,1,'MACROALI','Editando producto:  PARCHÍS AUTOMÁTICO OCA  - id: 36','186.50.107.128','','','2018-09-25 05:47:28'),(114,1,'MACROALI','Inicio de sesión','186.52.208.249','','','2018-09-25 16:40:52'),(115,1,'MACROALI','Agregando producto: DOMINÓ MARFIL  - id: 42','186.52.208.249','','','2018-09-25 16:53:32'),(116,1,'MACROALI','Agregando producto: DOMINÓ CHAMELO JUNIOR - id: 43','186.52.208.249','','','2018-09-25 16:57:48'),(117,1,'MACROALI','Agregando producto: DOMINÓ COMPETICIÓN - id: 44','186.52.208.249','','','2018-09-25 16:59:43'),(118,1,'MACROALI','Agregando producto: ACCESORIOS PARCHÍS 4 JUGADORES - id: 45','186.52.208.249','','','2018-09-25 19:03:44'),(119,1,'MACROALI','Agregando producto: ACCESORIOS PARCHÍS 6 JUGADORES - id: 46','186.52.208.249','','','2018-09-25 19:05:24'),(120,1,'MACROALI','Agregando producto: ACCESORIOS DAMAS - id: 47','186.52.208.249','','','2018-09-25 19:08:44'),(121,1,'MACROALI','Agregando producto: PIEZAS AJEDREZ STAUNTON Nº 3 - id: 48','186.52.208.249','','','2018-09-25 19:10:32'),(122,1,'MACROALI','Agregando producto: PIEZAS AJEDREZ STAUNTON Nº 4 - id: 49','186.52.208.249','','','2018-09-25 19:12:04'),(123,1,'MACROALI','Agregando producto: TAPETE 50 x 50 CM  - id: 50','186.52.208.249','','','2018-09-25 19:13:50'),(124,1,'MACROALI','Agregando producto: SILLAS COLORS  - id: 51','186.52.208.249','','','2018-09-25 19:17:21'),(125,1,'MACROALI','Editando producto: SILLAS COLORS  - id: 51','186.52.208.249','','','2018-09-25 19:17:39'),(126,1,'MACROALI','Agregando producto: TOCO TRONCO  - id: 52','186.52.208.249','','','2018-09-25 19:19:32'),(127,1,'MACROALI','Agregando producto: THE NOODLE GAME  - id: 53','186.52.208.249','','','2018-09-25 19:22:30'),(128,1,'MACROALI','Agregando producto: PARTY HEADZ - id: 54','186.52.175.42','','','2018-09-26 03:49:48'),(129,1,'MACROALI','Agregando producto: TOSTADORA LOCA  - id: 55','186.52.175.42','','','2018-09-26 03:51:52'),(130,1,'MACROALI','Agregando producto: CAZA ZOMBIS  - id: 56','186.52.175.42','','','2018-09-26 03:54:06'),(131,1,'MACROALI','Editando producto: CAZA ZOMBIS  - id: 56','186.52.175.42','','','2018-09-26 03:54:47'),(132,1,'MACROALI','Agregando producto: FRUTTI FRUTTI  - id: 57','186.52.175.42','','','2018-09-26 03:57:01'),(133,1,'MACROALI','Agregando producto: Cerditos Glotones  - id: 58','186.52.175.42','','','2018-09-26 03:59:35'),(134,1,'MACROALI','Agregando producto: Torre de ratones - id: 59','186.52.175.42','','','2018-09-26 04:03:03'),(135,1,'MACROALI','Agregando producto: SILLAS  - id: 60','186.52.175.42','','','2018-09-26 04:05:22'),(136,1,'MACROALI','Agregando producto: Pincha El Pirata - id: 61','186.52.175.42','','','2018-09-26 04:13:54'),(137,1,'MACROALI','Agregando producto: Pincha Pirata más Torre Risa - id: 62','186.52.175.42','','','2018-09-26 04:16:12'),(138,1,'MACROALI','Agregando producto: Sapiens  - id: 63','186.52.175.42','','','2018-09-26 04:19:17'),(139,1,'MACROALI','Agregando producto: Safari - id: 64','186.52.175.42','','','2018-09-26 04:21:28'),(140,1,'MACROALI','Agregando producto: Astrionauta  - id: 65','186.52.175.42','','','2018-09-26 04:23:36'),(141,1,'MACROALI','Agregando producto: Pizarra Letras y Números - id: 66','186.52.175.42','','','2018-09-26 04:25:54'),(142,1,'MACROALI','Agregando producto: Adivina Pintando  - id: 67','186.52.175.42','','','2018-09-26 04:27:33'),(143,1,'MACROALI','Agregando producto: Mimikids  - id: 68','186.52.175.42','','','2018-09-26 04:32:03'),(144,1,'MACROALI','Agregando producto: Tic tac cuentos  - id: 69','186.52.175.42','','','2018-09-26 04:40:33'),(145,1,'MACROALI','Agregando producto: Aprobado  - id: 70','186.52.175.42','','','2018-09-26 04:42:38'),(146,1,'MACROALI','Agregando producto: Sopa con letras  - id: 71','186.52.175.42','','','2018-09-26 04:44:44'),(147,1,'MACROALI','Agregando producto: No lo Digas  - id: 72','186.52.175.42','','','2018-09-26 04:48:13'),(148,1,'MACROALI','Agregando producto: El Primero de la Clase 1.000 - id: 73','186.52.175.42','','','2018-09-26 04:56:52'),(149,1,'MACROALI','Agregando producto: El Primero de la Clase 2.000 - id: 74','186.52.175.42','','','2018-09-26 05:00:31'),(150,1,'MACROALI','Agregando producto: El Primero de la Clase 3.000 - id: 75','186.52.175.42','','','2018-09-26 05:04:01'),(151,1,'MACROALI','Agregando producto: El Primero de la Clase 5.000 - id: 76','186.52.175.42','','','2018-09-26 05:20:21'),(152,1,'MACROALI','Agregando producto: Dominó Madera Colors - id: 77','186.52.175.42','','','2018-09-26 06:04:46'),(153,1,'MACROALI','Agregando producto: Tangram Madera - id: 78','186.52.175.42','','','2018-09-26 06:08:12'),(154,1,'MACROALI','Inicio de sesión','186.188.102.227','','','2018-09-27 13:00:29'),(155,1,'MACROALI','Editando producto: El Primero de la Clase 5.000 - id: 76','186.188.102.227','','','2018-09-27 13:01:39'),(156,1,'MACROALI','Editando producto: Aprobado  - id: 70','186.188.102.227','','','2018-09-27 13:01:46'),(157,1,'MACROALI','Editando producto: Dominó Madera Colors - id: 77','186.188.102.227','','','2018-09-27 13:01:57'),(158,1,'MACROALI','Inicio de sesión','84.124.193.56','','','2018-09-27 13:02:19'),(159,1,'MACROALI','Editando producto: El Primero de la Clase 1.000 - id: 73','186.188.102.227','','','2018-09-27 13:02:20'),(160,1,'MACROALI','Editando producto: Dominó Madera Colors - id: 77','186.188.102.227','','','2018-09-27 13:02:56'),(161,1,'MACROALI','Editando producto: El Primero de la Clase 1.000 - id: 73','186.188.102.227','','','2018-09-27 13:03:03'),(162,1,'MACROALI','Editando producto: El Primero de la Clase 2.000 - id: 74','186.188.102.227','','','2018-09-27 13:03:32'),(163,1,'MACROALI','Editando producto: El Primero de la Clase 3.000 - id: 75','186.188.102.227','','','2018-09-27 13:03:49'),(164,1,'MACROALI','Editando producto: Pincha Pirata más Torre Risa - id: 62','186.188.102.227','','','2018-09-27 13:04:19'),(165,1,'MACROALI','Eliminando categoría de noticia: Categoria 1 - ID: 1','186.188.102.227','','','2018-09-27 13:05:41'),(166,1,'MACROALI','Eliminando categoría de noticia: Categoría 2 - ID: 2','186.188.102.227','','','2018-09-27 13:05:44'),(167,1,'MACROALI','Eliminando categoría de noticia: Categoria 3 - ID: 3','186.188.102.227','','','2018-09-27 13:05:47'),(168,1,'MACROALI','Agregando categoría de noticia: JUEGOS Y JUGUETES - id: 6','186.188.102.227','','','2018-09-27 13:08:03'),(169,1,'MACROALI','Agregando categoría de noticia: LOS NIÑOS JUEGAN - id: 7','186.188.102.227','','','2018-09-27 13:08:12'),(170,1,'MACROALI','Agregando categoría de noticia: MANUALIDADES - id: 8','186.188.102.227','','','2018-09-27 13:08:20'),(171,1,'MACROALI','Agregando categoría de noticia: JUEGOS DE HABILIDAD - id: 9','186.188.102.227','','','2018-09-27 13:08:36'),(172,1,'MACROALI','Agregando categoría de noticia: TARDES DE JUEGOS - id: 10','186.188.102.227','','','2018-09-27 13:08:45'),(173,1,'MACROALI','Agregando noticia: NOTICIA 1 - id: 6','186.188.102.227','','','2018-09-27 13:11:07'),(174,1,'MACROALI','Agregando noticia: NOTICIA 2 - id: 7','186.188.102.227','','','2018-09-27 13:13:51'),(175,1,'MACROALI','Agregando noticia: TU HIJO Y EL JUEGO - id: 8','186.188.102.227','','','2018-09-27 13:16:32'),(176,1,'MACROALI','Editando categoría de producto: Tableros - id: 3','186.188.102.227','','','2018-09-27 13:22:29'),(177,1,'MACROALI','Inicio de sesión','186.188.102.227','','','2018-09-28 02:13:00'),(178,1,'MACROALI','Editando categoría de producto: Tableros - id: 3','186.188.102.227','','','2018-09-28 02:13:44'),(179,1,'MACROALI','Editando categoría de producto: Habilidad - id: 7','186.188.102.227','','','2018-09-28 02:14:13'),(180,1,'MACROALI','Agregando categoría de producto: Magia - id: 12','186.188.102.227','','','2018-09-28 02:14:42'),(181,1,'MACROALI','Agregando categoría de producto: Clásicos - id: 13','186.188.102.227','','','2018-09-28 02:15:11'),(182,1,'MACROALI','Inicio de sesión','186.50.145.156','','','2018-09-28 03:45:31'),(183,1,'MACROALI','Agregando producto: ¿Qué soy yo? Máscaras  - id: 79','186.50.145.156','','','2018-09-28 03:54:36'),(184,1,'MACROALI','Agregando producto:  Gran Jaleo  - id: 80','186.50.145.156','','','2018-09-28 03:56:38'),(185,1,'MACROALI','Agregando producto:  Caperucita Roja  - id: 81','186.50.145.156','','','2018-09-28 03:58:35'),(186,1,'MACROALI','Agregando producto: Pinocho - id: 82','186.50.145.156','','','2018-09-28 04:00:33'),(187,1,'MACROALI','Agregando producto:  Blancanieves  - id: 83','186.50.145.156','','','2018-09-28 04:03:01'),(188,1,'MACROALI','Agregando producto: Los Tres Cerditos  - id: 84','186.50.145.156','','','2018-09-28 04:05:15'),(189,1,'MACROALI','Agregando producto: Qué Soy Yo  - id: 85','186.50.145.156','','','2018-09-28 04:07:29'),(190,1,'MACROALI','Agregando producto: PARTY HEADZ - id: 86','186.50.145.156','','','2018-09-28 04:11:27'),(191,1,'MACROALI','Agregando producto: De uvas a peras  - id: 87','186.50.145.156','','','2018-09-28 04:14:20'),(192,1,'MACROALI','Agregando producto:  BEZZERWIZZER  - id: 88','186.50.145.156','','','2018-09-28 04:16:51'),(193,1,'MACROALI','Agregando producto: Talk & win BEST SELLER PLUS  - id: 89','186.50.145.156','','','2018-09-28 04:21:12'),(194,1,'MACROALI','Agregando producto: Sketchy BEST SELLER PLUS  - id: 90','186.50.145.156','','','2018-09-28 04:24:20'),(195,1,'MACROALI','Editando producto: Sketchy BEST SELLER PLUS  - id: 90','186.50.145.156','','','2018-09-28 04:42:47'),(196,1,'MACROALI','Agregando producto: Cámara y Acción BEST SELLER PLUS - id: 91','186.50.145.156','','','2018-09-28 04:47:24'),(197,1,'MACROALI','Agregando producto: Last Word  - id: 92','186.50.145.156','','','2018-09-28 04:50:24'),(198,1,'MACROALI','Agregando producto: Cifras y Letras  - id: 93','186.50.145.156','','','2018-09-28 04:52:34'),(199,1,'MACROALI','Agregando producto: Sinónimos y Antónimos  - id: 94','186.50.145.156','','','2018-09-28 04:54:34'),(200,1,'MACROALI','Agregando producto: Caja Magia 50 Trucos  - id: 95','186.50.145.156','','','2018-09-28 04:58:25'),(201,1,'MACROALI','Agregando producto: Caja Magia 100 Trucos  - id: 96','186.50.145.156','','','2018-09-28 05:01:09'),(202,1,'MACROALI','Agregando producto: Taller de Magia 200 Trucos - id: 97','186.50.145.156','','','2018-09-28 05:05:08'),(203,1,'MACROALI','Editando categoría de producto: Tableros - id: 3','104.243.210.227','','','2018-09-28 06:23:09'),(204,1,'MACROALI','Agregando categoría de producto: Artísticos - id: 14','186.52.209.104','','','2018-09-30 01:34:39'),(205,1,'MACROALI','Agregando producto: Alfarería POP ART  - id: 98','186.52.209.104','','','2018-09-30 01:38:16'),(206,1,'MACROALI','Agregando producto: Alfarería Flower Power - id: 99','186.52.209.104','','','2018-09-30 01:40:07'),(207,1,'MACROALI','Agregando producto: Alfarería Princess - id: 100','186.52.209.104','','','2018-09-30 01:42:42'),(208,1,'MACROALI','Agregando producto: Alfarería Piratas - id: 101','186.52.209.104','','','2018-09-30 01:48:39'),(209,1,'MACROALI','Agregando producto: Alfarería Dinosaurios  - id: 102','186.52.209.104','','','2018-09-30 01:50:25'),(210,1,'MACROALI','Agregando producto: ALFARERÍA - id: 103','186.52.209.104','','','2018-09-30 02:01:20'),(211,1,'MACROALI','Agregando producto: ALFARERÍA PLUS  - id: 104','186.52.209.104','','','2018-09-30 02:04:46'),(212,1,'MACROALI','Agregando producto: Tatuajes Mágicos Azul  - id: 105','186.52.209.104','','','2018-09-30 02:06:37'),(213,1,'MACROALI','Agregando producto: Tatuajes Mágicos Rosa  - id: 106','186.52.209.104','','','2018-09-30 02:08:26'),(214,1,'MACROALI','Agregando producto: Mis Tatuajes y Pegatinas - id: 107','186.52.209.104','','','2018-09-30 02:14:51'),(215,1,'MACROALI','Agregando producto: Diseños Mágicos - id: 108','186.52.209.104','','','2018-09-30 02:17:04'),(216,1,'MACROALI','Agregando un nuevo usuario: TEST - id: 6','84.124.193.56','','','2018-10-02 10:10:36'),(217,1,'MACROALI','Inicio de sesión','81.202.62.35','','','2018-10-02 11:23:50'),(218,1,'MACROALI','Inicio de sesión','190.142.130.19','','','2018-10-11 01:55:18'),(219,1,'MACROALI','Editando producto: BINGO BASIC AUTOMÁTICO - id: 21','190.142.130.19','','','2018-10-11 01:56:52'),(220,1,'MACROALI','Editando producto: Bingo - Lotto  - id: 24','190.142.130.19','','','2018-10-11 01:59:13'),(221,1,'MACROALI','Editando producto: BINGO XXL Premium - id: 23','190.142.130.19','','','2018-10-11 02:01:28'),(222,1,'MACROALI','Editando producto: BINGO ELÉCTRICO - id: 22','190.142.130.19','','','2018-10-11 02:01:57'),(223,1,'MACROALI','Editando producto: PARCHÍS Ajedrez Damas 33 cm. más Accesorios  - id: 33','190.142.130.19','','','2018-10-11 02:06:10'),(224,1,'MACROALI','Editando producto: PARCHÍS OCA 40 cm. más Accesorios - id: 30','190.142.130.19','','','2018-10-11 02:06:16'),(225,1,'MACROALI','Editando producto: PARCHÍS 6 jugadores OCA 40 cm. más Accesorios  - id: 34','190.142.130.19','','','2018-10-11 02:06:24'),(226,1,'MACROALI','Editando producto: PARCHÍS OCA 33 cm.  - id: 25','190.142.130.19','','','2018-10-11 02:06:33'),(227,1,'MACROALI','Editando producto: PARCHÍS AJEDREZ DAMAS 33 cm. - id: 26','190.142.130.19','','','2018-10-11 02:06:40'),(228,1,'MACROALI','Editando producto: PARCHÍS OCA 40 cm.  - id: 27','190.142.130.19','','','2018-10-11 02:06:48'),(229,1,'MACROALI','Editando producto: AJEDREZ DAMAS 40 cm.  - id: 28','190.142.130.19','','','2018-10-11 02:06:54'),(230,1,'MACROALI','Editando producto: PARCHÍS 6 jugadores OCA 40 cm.  - id: 29','190.142.130.19','','','2018-10-11 02:07:01'),(231,1,'MACROALI','Editando producto: PARCHÍS 4 y 6 jugadores 40 cm.  - id: 31','190.142.130.19','','','2018-10-11 02:07:10'),(232,1,'MACROALI','Editando producto: PARCHÍS CRISTAL - OCA 40 cm.  - id: 32','190.142.130.19','','','2018-10-11 02:07:16'),(233,1,'MACROALI','Editando producto: Ajedrez Damas 40 cm. más Accesorios  - id: 35','190.142.130.19','','','2018-10-11 02:07:55'),(234,1,'MACROALI','Editando producto:  PARCHÍS AUTOMÁTICO OCA  - id: 36','190.142.130.19','','','2018-10-11 02:07:59'),(235,1,'MACROALI','Editando producto: PARCHÍS MAGNÉTICO  - id: 38','190.142.130.19','','','2018-10-11 02:09:09'),(236,1,'MACROALI','Editando producto: OCA MAGNÉTICO  - id: 39','190.142.130.19','','','2018-10-11 02:09:12'),(237,1,'MACROALI','Editando producto: DAMAS MAGNÉTICO  - id: 40','190.142.130.19','','','2018-10-11 02:09:19'),(238,1,'MACROALI','Editando producto: Ajedrez Damas Magnético 25 cm. - id: 41','190.142.130.19','','','2018-10-11 02:09:25'),(239,1,'MACROALI','Editando producto: AJEDREZ MAGNÉTICO  - id: 37','190.142.130.19','','','2018-10-11 02:09:41'),(240,1,'MACROALI','Editando producto: DOMINÓ MARFIL  - id: 42','190.142.130.19','','','2018-10-11 02:11:44'),(241,1,'MACROALI','Editando producto: DOMINÓ CHAMELO JUNIOR - id: 43','190.142.130.19','','','2018-10-11 02:11:48'),(242,1,'MACROALI','Editando producto: DOMINÓ COMPETICIÓN - id: 44','190.142.130.19','','','2018-10-11 02:11:53'),(243,1,'MACROALI','Editando producto: ACCESORIOS PARCHÍS 4 JUGADORES - id: 45','190.142.130.19','','','2018-10-11 02:14:04'),(244,1,'MACROALI','Editando producto: ACCESORIOS PARCHÍS 6 JUGADORES - id: 46','190.142.130.19','','','2018-10-11 02:14:12'),(245,1,'MACROALI','Editando producto: ACCESORIOS DAMAS - id: 47','190.142.130.19','','','2018-10-11 02:14:18'),(246,1,'MACROALI','Editando producto: PIEZAS AJEDREZ STAUNTON Nº 3 - id: 48','190.142.130.19','','','2018-10-11 02:14:24'),(247,1,'MACROALI','Editando producto: PIEZAS AJEDREZ STAUNTON Nº 4 - id: 49','190.142.130.19','','','2018-10-11 02:14:32'),(248,1,'MACROALI','Editando producto: TAPETE 50 x 50 CM  - id: 50','190.142.130.19','','','2018-10-11 02:14:37'),(249,1,'MACROALI','Editando producto: Sapiens  - id: 63','190.142.130.19','','','2018-10-11 02:15:12'),(250,1,'MACROALI','Editando producto: Safari - id: 64','190.142.130.19','','','2018-10-11 02:15:29'),(251,1,'MACROALI','Editando producto: Astrionauta  - id: 65','190.142.130.19','','','2018-10-11 02:15:32'),(252,1,'MACROALI','Editando producto: El Primero de la Clase 5.000 - id: 76','190.142.130.19','','','2018-10-11 02:16:28'),(253,1,'MACROALI','Editando producto: Aprobado  - id: 70','190.142.130.19','','','2018-10-11 02:16:35'),(254,1,'MACROALI','Editando producto: Dominó Madera Colors - id: 77','190.142.130.19','','','2018-10-11 02:16:38'),(255,1,'MACROALI','Editando producto: El Primero de la Clase 1.000 - id: 73','190.142.130.19','','','2018-10-11 02:16:44'),(256,1,'MACROALI','Editando producto: El Primero de la Clase 2.000 - id: 74','190.142.130.19','','','2018-10-11 02:16:53'),(257,1,'MACROALI','Editando producto: El Primero de la Clase 3.000 - id: 75','190.142.130.19','','','2018-10-11 02:17:54'),(258,1,'MACROALI','Editando producto: No lo Digas  - id: 72','190.142.130.19','','','2018-10-11 02:18:25'),(259,1,'MACROALI','Editando producto: Sopa con letras  - id: 71','190.142.130.19','','','2018-10-11 02:18:28'),(260,1,'MACROALI','Editando producto: Pizarra Letras y Números - id: 66','190.142.130.19','','','2018-10-11 02:18:37'),(261,1,'MACROALI','Editando producto: Pinocho - id: 82','190.142.130.19','','','2018-10-11 02:18:41'),(262,1,'MACROALI','Editando producto: Adivina Pintando  - id: 67','190.142.130.19','','','2018-10-11 02:18:47'),(263,1,'MACROALI','Editando producto: Tangram Madera - id: 78','190.142.130.19','','','2018-10-11 02:19:42'),(264,1,'MACROALI','Editando producto: Mimikids  - id: 68','190.142.130.19','','','2018-10-11 02:19:48'),(265,1,'MACROALI','Editando producto: Tic tac cuentos  - id: 69','192.119.164.237','','','2018-10-11 02:19:55'),(266,1,'MACROALI','Editando producto:  Gran Jaleo  - id: 80','192.119.164.237','','','2018-10-11 02:20:00'),(267,1,'MACROALI','Editando producto: Mimikids  - id: 68','192.119.164.237','','','2018-10-11 02:20:22'),(268,1,'MACROALI','Editando producto:  Caperucita Roja  - id: 81','192.119.164.237','','','2018-10-11 02:22:34'),(269,1,'MACROALI','Editando producto:  Blancanieves  - id: 83','192.119.164.237','','','2018-10-11 02:22:41'),(270,1,'MACROALI','Editando producto: Qué Soy Yo  - id: 85','192.119.164.237','','','2018-10-11 02:22:45'),(271,1,'MACROALI','Editando producto: Los Tres Cerditos  - id: 84','192.119.164.237','','','2018-10-11 02:22:52'),(272,1,'MACROALI','Editando producto: ¿Qué soy yo? Máscaras  - id: 79','192.119.164.237','','','2018-10-11 02:22:54'),(273,1,'MACROALI','Inicio de sesión','186.188.41.253','','','2018-12-09 04:41:50'),(274,1,'MACROALI','Inicio de sesión','186.188.41.253',NULL,NULL,'2018-12-09 07:37:03'),(275,1,'MACROALI','Agregando imagen de carrusel:  JUEGOS CLÁSICOS - id: 1','186.188.41.253',NULL,NULL,'2018-12-09 07:39:19'),(276,1,'MACROALI','Agregando imagen de carrusel: APRENDE Y DIVIÉRTE - id: 2','186.188.41.253',NULL,NULL,'2018-12-09 07:41:35'),(277,1,'MACROALI','Editando imagen de carrusel: APRENDE Y DIVIÉRTE - id: 2','186.188.41.253',NULL,NULL,'2018-12-09 07:41:42'),(278,1,'MACROALI','Editando imagen de carrusel:  JUEGOS CLÁSICOS - id: 1','186.188.41.253',NULL,NULL,'2018-12-09 07:41:50'),(279,1,'MACROALI','Agregando imagen de carrusel:  JUEGOS DE HABILIDAD - id: 3','186.188.41.253',NULL,NULL,'2018-12-09 07:42:29'),(280,1,'MACROALI','Editando imagen de carrusel:  JUEGOS DE HABILIDAD - id: 3','186.188.41.253',NULL,NULL,'2018-12-09 07:42:34'),(281,1,'MACROALI','Agregando imagen de carrusel:  ÉCHALE MAGIA Y DIBI DIBADI DIBÚ - id: 4','186.188.41.253',NULL,NULL,'2018-12-09 07:43:16'),(282,1,'MACROALI','Editando imagen de carrusel:  ÉCHALE MAGIA Y DIBI DIBADI DIBÚ - id: 4','186.188.41.253',NULL,NULL,'2018-12-09 07:43:21'),(283,1,'MACROALI','Agregando imagen de carrusel: JUEGOS CON MUCHO ARTE - id: 5','186.188.41.253',NULL,NULL,'2018-12-09 07:44:16'),(284,1,'MACROALI','Editando imagen de carrusel: JUEGOS CON MUCHO ARTE - id: 5','186.188.41.253',NULL,NULL,'2018-12-09 07:44:23'),(285,1,'MACROALI','Editando producto: El Primero de la Clase 5.000 - id: 76','186.188.41.253',NULL,NULL,'2018-12-09 07:53:09'),(286,1,'MACROALI','Editando producto: Aprobado  - id: 70','186.188.41.253',NULL,NULL,'2018-12-09 07:53:22'),(287,1,'MACROALI','Editando producto: El Primero de la Clase 2.000 - id: 74','186.188.41.253',NULL,NULL,'2018-12-09 07:53:36'),(288,1,'MACROALI','Editando producto: Pincha Pirata más Torre Risa - id: 62','186.188.41.253',NULL,NULL,'2018-12-09 07:53:45'),(289,1,'MACROALI','Editando producto: Cerditos Glotones  - id: 58','186.188.41.253',NULL,NULL,'2018-12-09 07:54:59'),(290,1,'MACROALI','Editando producto: TOSTADORA LOCA  - id: 55','186.188.41.253',NULL,NULL,'2018-12-09 07:55:31'),(291,1,'MACROALI','Editando producto: THE NOODLE GAME  - id: 53','186.188.41.253',NULL,NULL,'2018-12-09 07:56:00'),(292,1,'MACROALI','Editando producto: Sapiens  - id: 63','186.188.41.253',NULL,NULL,'2018-12-09 07:56:27'),(293,1,'MACROALI','Inicio de sesión','186.188.41.253',NULL,NULL,'2018-12-10 00:03:37'),(294,1,'MACROALI','Editando categoría de producto: Bingos - id: 2','186.188.41.253',NULL,NULL,'2018-12-10 00:10:56'),(295,1,'MACROALI','Editando categoría de producto: Juegos de Mesa - id: 15','186.188.41.253',NULL,NULL,'2018-12-10 00:13:53'),(296,1,'MACROALI','Editando categoría de producto: Tableros - id: 3','186.188.41.253',NULL,NULL,'2018-12-10 00:15:05'),(297,1,'MACROALI','Editando categoría de producto: Juegos de Mesa - id: 15','186.188.41.253',NULL,NULL,'2018-12-10 00:20:45'),(298,1,'MACROALI','Editando categoría de producto: Magnéticos - id: 4','186.188.41.253',NULL,NULL,'2018-12-10 00:22:47'),(299,1,'MACROALI','Editando categoría de producto: Dominós - id: 5','186.188.41.253',NULL,NULL,'2018-12-10 00:23:18'),(300,1,'MACROALI','Editando categoría de producto: Accesorios - id: 6','186.188.41.253',NULL,NULL,'2018-12-10 00:23:37'),(301,1,'MACROALI','Editando categoría de producto: Cartas - id: 8','186.188.41.253',NULL,NULL,'2018-12-10 00:23:58'),(302,1,'MACROALI','Editando categoría de producto: Educativos - id: 9','186.188.41.253',NULL,NULL,'2018-12-10 00:24:42'),(303,1,'MACROALI','Editando categoría de producto: Infantiles - id: 10','186.188.41.253',NULL,NULL,'2018-12-10 00:25:01'),(304,1,'MACROALI','Editando categoría de producto: Family & Friends - id: 11','186.188.41.253',NULL,NULL,'2018-12-10 00:25:32'),(305,1,'MACROALI','Editando categoría de producto: Artísticos - id: 14','186.188.41.253',NULL,NULL,'2018-12-10 00:26:38'),(306,1,'MACROALI','Editando categoría de producto: Habilidad - id: 7','186.188.41.253',NULL,NULL,'2018-12-10 01:30:33'),(307,1,'MACROALI','Editando categoría de producto: Magia - id: 12','186.188.41.253',NULL,NULL,'2018-12-10 01:31:30'),(308,1,'MACROALI','Editando categoría de producto: Juegos Clásicos - id: 13','186.188.41.253',NULL,NULL,'2018-12-10 01:33:48'),(309,1,'MACROALI','Editando categoría de producto: Juegos de Mesa - id: 15','186.188.41.253',NULL,NULL,'2018-12-10 01:35:01'),(310,1,'MACROALI','Inicio de sesión','84.121.85.82',NULL,NULL,'2018-12-11 12:55:33'),(311,1,'MACROALI','Editando categoría de producto: Habilidad - id: 7','84.121.85.82',NULL,NULL,'2018-12-11 13:54:12'),(312,1,'MACROALI','Editando categoría de producto: Habilidad - id: 7','84.121.85.82',NULL,NULL,'2018-12-11 13:54:46'),(313,1,'MACROALI','Editando categoría de producto: Habilidad - id: 7','84.121.85.82',NULL,NULL,'2018-12-11 13:54:57'),(314,1,'MACROALI','Editando categoría de producto: Juegos Clásicos - id: 13','84.121.85.82',NULL,NULL,'2018-12-11 14:08:22'),(315,1,'MACROALI','Editando categoría de producto: Juegos Clásicos - id: 13','84.121.85.82',NULL,NULL,'2018-12-11 14:08:35'),(316,1,'MACROALI','Editando categoría de producto: Juegos Clásicos - id: 13','84.121.85.82',NULL,NULL,'2018-12-11 14:08:40'),(317,1,'MACROALI','Editando categoría de producto: Juegos Clásicos - id: 13','84.121.85.82',NULL,NULL,'2018-12-11 14:17:05'),(318,1,'MACROALI','Editando categoría de producto: Magia - id: 12','84.121.85.82',NULL,NULL,'2018-12-11 14:17:33'),(319,1,'MACROALI','Editando categoría de producto: Magia - id: 12','84.121.85.82',NULL,NULL,'2018-12-11 14:17:36'),(320,1,'MACROALI','Editando categoría de producto: Juegos de Mesa - id: 15','84.121.85.82',NULL,NULL,'2018-12-11 14:18:51'),(321,1,'MACROALI','Editando noticia: Puedo jugar contigo - id: 6','84.121.85.82',NULL,NULL,'2018-12-11 14:55:34'),(322,1,'MACROALI','Editando noticia: ¡HAZ MAGIA EN EL COLE! - id: 7','84.121.85.82',NULL,NULL,'2018-12-11 15:00:30'),(323,1,'MACROALI','Agregando noticia: JUEGA Y DESATA TU IMAGINACIÓN - id: 9','84.121.85.82',NULL,NULL,'2018-12-11 15:01:56'),(324,1,'MACROALI','Editando noticia: TerroRISAS - id: 8','84.121.85.82',NULL,NULL,'2018-12-11 15:02:43'),(325,1,'MACROALI','Editando noticia: TerroRISAS - id: 8','84.121.85.82',NULL,NULL,'2018-12-11 15:03:05'),(326,1,'MACROALI','Editando noticia: PUEDO JUGAR CONTIGO - id: 6','84.121.85.82',NULL,NULL,'2018-12-11 15:11:04'),(327,1,'MACROALI','Editando noticia: PUEDO JUGAR CONTIGO - id: 6','84.121.85.82',NULL,NULL,'2018-12-11 15:11:19'),(328,1,'MACROALI','Editando noticia: ¡HAZ MAGIA EN EL COLE! - id: 7','84.121.85.82',NULL,NULL,'2018-12-11 15:11:52'),(329,1,'MACROALI','Editando noticia: TerroRISAS - id: 8','84.121.85.82',NULL,NULL,'2018-12-11 15:12:21'),(330,1,'MACROALI','Editando noticia: JUEGA Y DESATA TU IMAGINACIÓN - id: 9','84.121.85.82',NULL,NULL,'2018-12-11 15:13:07'),(331,1,'MACROALI','Editando noticia: JUEGA Y DESATA TU IMAGINACIÓN - id: 9','84.121.85.82',NULL,NULL,'2018-12-11 15:13:11'),(332,1,'MACROALI','Editando noticia: TerroRISAS - id: 8','84.121.85.82',NULL,NULL,'2018-12-11 15:13:24'),(333,1,'MACROALI','Editando noticia: JUEGA Y DESATA TU IMAGINACIÓN - id: 9','84.121.85.82',NULL,NULL,'2018-12-11 15:14:05'),(334,1,'MACROALI','Editando noticia: JUEGA Y DESATA TU IMAGINACIÓN - id: 9','84.121.85.82',NULL,NULL,'2018-12-11 15:14:13'),(335,1,'MACROALI','Editando noticia: TerroRISAS - id: 8','84.121.85.82',NULL,NULL,'2018-12-11 15:17:09'),(336,1,'MACROALI','Editando noticia: TerroRISAS - id: 8','84.121.85.82',NULL,NULL,'2018-12-11 15:17:12'),(337,1,'MACROALI','Editando noticia: TerroRISAS - id: 8','84.121.85.82',NULL,NULL,'2018-12-11 15:17:42'),(338,1,'MACROALI','Editando noticia: JUEGA Y DESATA TU IMAGINACIÓN - id: 9','84.121.85.82',NULL,NULL,'2018-12-11 15:19:20'),(339,1,'MACROALI','Editando noticia: JUEGA Y DESATA TU IMAGINACIÓN - id: 9','84.121.85.82',NULL,NULL,'2018-12-11 15:20:15'),(340,1,'MACROALI','Editando noticia: JUEGA Y DESATA TU IMAGINACIÓN - id: 9','84.121.85.82',NULL,NULL,'2018-12-11 15:24:18'),(341,7,'FALOMIR','Inicio de sesión','84.121.85.82',NULL,NULL,'2018-12-11 17:59:57'),(342,7,'FALOMIR','Inicio de sesión','84.121.85.82',NULL,NULL,'2018-12-11 18:00:27'),(343,7,'FALOMIR','Inicio de sesión','84.121.85.82',NULL,NULL,'2018-12-11 18:00:48'),(344,7,'FALOMIR','Inicio de sesión','84.121.85.82',NULL,NULL,'2018-12-11 18:01:09'),(345,7,'FALOMIR','Inicio de sesión','84.121.85.82',NULL,NULL,'2018-12-11 18:01:20'),(346,7,'FALOMIR','Inicio de sesión','84.121.85.82',NULL,NULL,'2018-12-11 18:03:18'),(347,7,'FALOMIR','Inicio de sesión','81.202.58.172',NULL,NULL,'2018-12-12 10:12:13'),(348,1,'MACROALI','Inicio de sesión','84.121.85.82',NULL,NULL,'2018-12-12 12:12:27'),(349,1,'MACROALI','Editando imagen de carrusel: JUEGOS CON MUCHO ARTE - id: 5','84.121.85.82',NULL,NULL,'2018-12-13 13:54:47'),(350,1,'MACROALI','Editando imagen de carrusel: JUEGOS CON MUCHO ARTE - id: 5','84.121.85.82',NULL,NULL,'2018-12-13 13:56:43'),(351,1,'MACROALI','Inicio de sesión','186.188.41.253',NULL,NULL,'2018-12-14 04:05:48'),(352,1,'MACROALI','Editando producto: BINGO BASIC AUTOMÁTICO - id: 21','186.188.41.253',NULL,NULL,'2018-12-14 04:06:21'),(353,1,'MACROALI','Editando producto: Bingo - Lotto  - id: 24','186.188.41.253',NULL,NULL,'2018-12-14 04:08:18'),(354,1,'MACROALI','Editando producto: BINGO XXL Premium - id: 23','186.188.41.253',NULL,NULL,'2018-12-14 04:08:36'),(355,1,'MACROALI','Editando producto: BINGO ELÉCTRICO - id: 22','186.188.41.253',NULL,NULL,'2018-12-14 04:09:23'),(356,1,'MACROALI','Editando producto: PARCHÍS MAGNÉTICO  - id: 38','186.188.41.253',NULL,NULL,'2018-12-14 04:50:53'),(357,1,'MACROALI','Editando producto: PARCHÍS OCA 33 cm.  - id: 25','186.188.41.253',NULL,NULL,'2018-12-14 04:52:15'),(358,1,'MACROALI','Editando producto: PARCHÍS AJEDREZ DAMAS 33 cm. - id: 26','186.188.41.253',NULL,NULL,'2018-12-14 04:52:25'),(359,1,'MACROALI','Editando producto: PARCHÍS OCA 40 cm.  - id: 27','186.188.41.253',NULL,NULL,'2018-12-14 04:52:34'),(360,1,'MACROALI','Editando producto: PARCHÍS 6 jugadores OCA 40 cm.  - id: 29','186.188.41.253',NULL,NULL,'2018-12-14 04:52:51'),(361,1,'MACROALI','Editando producto: PARCHÍS 4 y 6 jugadores 40 cm.  - id: 31','186.188.41.253',NULL,NULL,'2018-12-14 04:53:13'),(362,1,'MACROALI','Editando producto: PARCHÍS CRISTAL - OCA 40 cm.  - id: 32','186.188.41.253',NULL,NULL,'2018-12-14 04:53:40'),(363,1,'MACROALI','Editando producto: PARCHÍS Ajedrez Damas 33 cm. más Accesorios  - id: 33','186.188.41.253',NULL,NULL,'2018-12-14 04:53:48'),(364,1,'MACROALI','Editando producto: PARCHÍS OCA 40 cm. más Accesorios - id: 30','186.188.41.253',NULL,NULL,'2018-12-14 04:54:01'),(365,1,'MACROALI','Editando producto: PARCHÍS 6 jugadores OCA 40 cm. más Accesorios  - id: 34','186.188.41.253',NULL,NULL,'2018-12-14 04:54:10'),(366,1,'MACROALI','Editando producto:  PARCHÍS AUTOMÁTICO OCA  - id: 36','186.188.41.253',NULL,NULL,'2018-12-14 04:54:24'),(367,1,'MACROALI','Editando producto: ACCESORIOS PARCHÍS 4 JUGADORES - id: 45','186.188.41.253',NULL,NULL,'2018-12-14 04:54:30'),(368,1,'MACROALI','Editando producto: ACCESORIOS PARCHÍS 6 JUGADORES - id: 46','186.188.41.253',NULL,NULL,'2018-12-14 04:54:35'),(369,1,'MACROALI','Editando producto: AJEDREZ MAGNÉTICO  - id: 37','186.188.41.253',NULL,NULL,'2018-12-14 04:55:24'),(370,1,'MACROALI','Editando producto: Ajedrez Damas Magnético 25 cm. - id: 41','186.188.41.253',NULL,NULL,'2018-12-14 04:55:35'),(371,1,'MACROALI','Editando producto: AJEDREZ DAMAS 40 cm.  - id: 28','186.188.41.253',NULL,NULL,'2018-12-14 04:55:47'),(372,1,'MACROALI','Editando producto: Ajedrez Damas 40 cm. más Accesorios  - id: 35','186.188.41.253',NULL,NULL,'2018-12-14 04:55:56'),(373,1,'MACROALI','Editando producto: PIEZAS AJEDREZ STAUNTON Nº 3 - id: 48','186.188.41.253',NULL,NULL,'2018-12-14 04:56:05'),(374,1,'MACROALI','Editando producto: PIEZAS AJEDREZ STAUNTON Nº 4 - id: 49','186.188.41.253',NULL,NULL,'2018-12-14 04:56:14'),(375,1,'MACROALI','Editando producto: AJEDREZ MAGNÉTICO  - id: 37','186.188.41.253',NULL,NULL,'2018-12-14 04:57:09'),(376,1,'MACROALI','Editando producto: PARCHÍS MAGNÉTICO  - id: 38','186.188.41.253',NULL,NULL,'2018-12-14 04:57:14'),(377,1,'MACROALI','Editando producto: OCA MAGNÉTICO  - id: 39','186.188.41.253',NULL,NULL,'2018-12-14 04:57:21'),(378,1,'MACROALI','Editando producto: DAMAS MAGNÉTICO  - id: 40','186.188.41.253',NULL,NULL,'2018-12-14 04:57:26'),(379,1,'MACROALI','Editando producto: Ajedrez Damas Magnético 25 cm. - id: 41','186.188.41.253',NULL,NULL,'2018-12-14 04:57:35'),(380,1,'MACROALI','Editando producto: DOMINÓ MARFIL  - id: 42','186.188.41.253',NULL,NULL,'2018-12-14 04:58:50'),(381,1,'MACROALI','Editando producto: DOMINÓ CHAMELO JUNIOR - id: 43','186.188.41.253',NULL,NULL,'2018-12-14 04:58:56'),(382,1,'MACROALI','Editando producto: DOMINÓ COMPETICIÓN - id: 44','186.188.41.253',NULL,NULL,'2018-12-14 04:59:02'),(383,1,'MACROALI','Editando producto: PARCHÍS Ajedrez Damas 33 cm. más Accesorios  - id: 33','186.188.41.253',NULL,NULL,'2018-12-14 05:03:46'),(384,1,'MACROALI','Editando producto: PARCHÍS OCA 40 cm. más Accesorios - id: 30','186.188.41.253',NULL,NULL,'2018-12-14 05:03:53'),(385,1,'MACROALI','Editando producto: PARCHÍS 6 jugadores OCA 40 cm. más Accesorios  - id: 34','186.188.41.253',NULL,NULL,'2018-12-14 05:03:59'),(386,1,'MACROALI','Editando producto: Ajedrez Damas 40 cm. más Accesorios  - id: 35','186.188.41.253',NULL,NULL,'2018-12-14 05:04:07'),(387,1,'MACROALI','Editando producto: ACCESORIOS PARCHÍS 4 JUGADORES - id: 45','186.188.41.253',NULL,NULL,'2018-12-14 05:04:14'),(388,1,'MACROALI','Editando producto: ACCESORIOS PARCHÍS 6 JUGADORES - id: 46','186.188.41.253',NULL,NULL,'2018-12-14 05:04:20'),(389,1,'MACROALI','Editando producto: ACCESORIOS DAMAS - id: 47','186.188.41.253',NULL,NULL,'2018-12-14 05:04:28'),(390,1,'MACROALI','Editando producto: PIEZAS AJEDREZ STAUNTON Nº 3 - id: 48','186.188.41.253',NULL,NULL,'2018-12-14 05:04:59'),(391,1,'MACROALI','Editando producto: PIEZAS AJEDREZ STAUNTON Nº 4 - id: 49','186.188.41.253',NULL,NULL,'2018-12-14 05:05:05'),(392,1,'MACROALI','Editando producto: TAPETE 50 x 50 CM  - id: 50','186.188.41.253',NULL,NULL,'2018-12-14 05:05:43'),(393,1,'MACROALI','Inicio de sesión','84.121.85.82',NULL,NULL,'2018-12-14 18:11:59'),(394,1,'MACROALI','Inicio de sesión','181.208.39.228',NULL,NULL,'2018-12-19 01:33:39'),(395,1,'MACROALI','Editando producto: BINGO XXL Premium - id: 23','181.208.39.228',NULL,NULL,'2018-12-19 02:20:11'),(396,1,'MACROALI','Editando producto: Bingo - Lotto  - id: 24','181.208.39.228',NULL,NULL,'2018-12-19 03:24:17'),(397,1,'MACROALI','Editando producto: Astrionauta  - id: 65','181.208.39.228',NULL,NULL,'2018-12-19 03:28:54'),(398,1,'MACROALI','Editando producto: Alfarería POP ART  - id: 98','181.208.39.228',NULL,NULL,'2018-12-19 03:48:42'),(399,1,'MACROALI','Editando producto: Alfarería Flower Power - id: 99','181.208.39.228',NULL,NULL,'2018-12-19 03:51:53'),(400,1,'MACROALI','Editando producto: Alfarería Princess - id: 100','181.208.39.228',NULL,NULL,'2018-12-19 03:52:56'),(401,1,'MACROALI','Editando producto: Alfarería Piratas - id: 101','181.208.39.228',NULL,NULL,'2018-12-19 03:57:18'),(402,1,'MACROALI','Editando producto: Alfarería Dinosaurios  - id: 102','181.208.39.228',NULL,NULL,'2018-12-19 03:58:40'),(403,1,'MACROALI','Editando producto: AJEDREZ MAGNÉTICO  - id: 37','181.208.39.228',NULL,NULL,'2018-12-19 04:01:38'),(404,1,'MACROALI','Editando producto: PARCHÍS MAGNÉTICO  - id: 38','181.208.39.228',NULL,NULL,'2018-12-19 04:04:44'),(405,1,'MACROALI','Editando producto: OCA MAGNÉTICO  - id: 39','181.208.39.228',NULL,NULL,'2018-12-19 04:05:31'),(406,1,'MACROALI','Editando producto: DAMAS MAGNÉTICO  - id: 40','181.208.39.228',NULL,NULL,'2018-12-19 04:06:45'),(407,1,'MACROALI','Editando producto: Ajedrez Damas Magnético 25 cm. - id: 41','181.208.39.228',NULL,NULL,'2018-12-19 04:08:22'),(408,1,'MACROALI','Editando producto: PARCHÍS OCA 33 cm.  - id: 25','181.208.39.228',NULL,NULL,'2018-12-19 04:10:20'),(409,1,'MACROALI','Editando producto: PARCHÍS AJEDREZ DAMAS 33 cm. - id: 26','181.208.39.228',NULL,NULL,'2018-12-19 04:11:36'),(410,1,'MACROALI','Editando producto: PARCHÍS OCA 40 cm.  - id: 27','181.208.39.228',NULL,NULL,'2018-12-19 04:12:54'),(411,1,'MACROALI','Editando producto: AJEDREZ DAMAS 40 cm.  - id: 28','181.208.39.228',NULL,NULL,'2018-12-19 04:13:54'),(412,1,'MACROALI','Editando producto: PARCHÍS 6 jugadores OCA 40 cm.  - id: 29','181.208.39.228',NULL,NULL,'2018-12-19 04:14:54'),(413,1,'MACROALI','Editando producto: PARCHÍS 4 y 6 jugadores 40 cm.  - id: 31','181.208.39.228',NULL,NULL,'2018-12-19 04:16:07'),(414,1,'MACROALI','Editando producto: PARCHÍS CRISTAL - OCA 40 cm.  - id: 32','181.208.39.228',NULL,NULL,'2018-12-19 04:16:54'),(415,1,'MACROALI','Editando producto: PARCHÍS Ajedrez Damas 33 cm. más Accesorios  - id: 33','181.208.39.228',NULL,NULL,'2018-12-19 04:19:09'),(416,1,'MACROALI','Editando producto: PARCHÍS OCA 40 cm. más Accesorios - id: 30','181.208.39.228',NULL,NULL,'2018-12-19 04:21:00'),(417,1,'MACROALI','Editando producto: PARCHÍS OCA 40 cm. más Accesorios - id: 30','181.208.39.228',NULL,NULL,'2018-12-19 04:21:33'),(418,1,'MACROALI','Editando producto: PARCHÍS OCA 40 cm. más Accesorios - id: 30','181.208.39.228',NULL,NULL,'2018-12-19 04:22:43'),(419,1,'MACROALI','Editando producto: PARCHÍS 6 jugadores OCA 40 cm. más Accesorios  - id: 34','181.208.39.228',NULL,NULL,'2018-12-19 04:24:26'),(420,1,'MACROALI','Editando producto: Ajedrez Damas 40 cm. más Accesorios  - id: 35','181.208.39.228',NULL,NULL,'2018-12-19 04:27:09'),(421,1,'MACROALI','Editando producto:  PARCHÍS AUTOMÁTICO OCA  - id: 36','181.208.39.228',NULL,NULL,'2018-12-19 04:28:06'),(422,1,'MACROALI','Editando producto: DOMINÓ MARFIL  - id: 42','181.208.39.228',NULL,NULL,'2018-12-19 04:29:01'),(423,1,'MACROALI','Editando producto: DOMINÓ CHAMELO JUNIOR - id: 43','181.208.39.228',NULL,NULL,'2018-12-19 04:30:16'),(424,1,'MACROALI','Editando producto: DOMINÓ COMPETICIÓN - id: 44','181.208.39.228',NULL,NULL,'2018-12-19 04:32:12'),(425,1,'MACROALI','Editando producto: ACCESORIOS PARCHÍS 4 JUGADORES - id: 45','181.208.39.228',NULL,NULL,'2018-12-19 04:33:55'),(426,1,'MACROALI','Editando producto: ACCESORIOS PARCHÍS 6 JUGADORES - id: 46','181.208.39.228',NULL,NULL,'2018-12-19 04:39:05'),(427,1,'MACROALI','Editando producto: ACCESORIOS DAMAS - id: 47','181.208.39.228',NULL,NULL,'2018-12-19 04:39:52'),(428,1,'MACROALI','Editando producto: PIEZAS AJEDREZ STAUNTON Nº 3 - id: 48','181.208.39.228',NULL,NULL,'2018-12-19 04:42:18'),(429,1,'MACROALI','Editando producto: PIEZAS AJEDREZ STAUNTON Nº 4 - id: 49','181.208.39.228',NULL,NULL,'2018-12-19 04:43:40'),(430,1,'MACROALI','Editando producto: TAPETE 50 x 50 CM  - id: 50','181.208.39.228',NULL,NULL,'2018-12-19 04:44:54'),(431,1,'MACROALI','Editando producto: Caja Magia 50 Trucos  - id: 95','181.208.39.228',NULL,NULL,'2018-12-19 04:49:59'),(432,1,'MACROALI','Editando producto: Caja Magia 100 Trucos  - id: 96','181.208.39.228',NULL,NULL,'2018-12-19 05:01:14'),(433,1,'MACROALI','Editando producto: Taller de Magia 200 Trucos - id: 97','181.208.39.228',NULL,NULL,'2018-12-19 05:02:55'),(434,1,'MACROALI','Editando producto: ALFARERÍA - id: 103','181.208.39.228',NULL,NULL,'2018-12-19 05:05:58'),(435,1,'MACROALI','Editando producto: ALFARERÍA PLUS  - id: 104','181.208.39.228',NULL,NULL,'2018-12-19 05:07:40'),(436,1,'MACROALI','Editando producto: Tatuajes Mágicos Azul  - id: 105','181.208.39.228',NULL,NULL,'2018-12-19 05:09:26'),(437,1,'MACROALI','Editando producto: Tatuajes Mágicos Rosa  - id: 106','181.208.39.228',NULL,NULL,'2018-12-19 05:10:41'),(438,1,'MACROALI','Editando producto: Mis Tatuajes y Pegatinas - id: 107','181.208.39.228',NULL,NULL,'2018-12-19 05:12:13'),(439,1,'MACROALI','Editando producto: Diseños Mágicos - id: 108','181.208.39.228',NULL,NULL,'2018-12-19 05:14:56'),(440,1,'MACROALI','Editando producto: SILLAS COLORS  - id: 51','181.208.39.228',NULL,NULL,'2018-12-19 05:20:10'),(441,1,'MACROALI','Editando producto: TOCO TRONCO  - id: 52','181.208.39.228',NULL,NULL,'2018-12-19 05:23:31'),(442,1,'MACROALI','Editando producto: THE NOODLE GAME  - id: 53','181.208.39.228',NULL,NULL,'2018-12-19 05:25:33'),(443,1,'MACROALI','Editando producto: PARTY HEADZ - id: 54','181.208.39.228',NULL,NULL,'2018-12-19 05:28:23'),(444,1,'MACROALI','Editando producto: TOSTADORA LOCA  - id: 55','181.208.39.228',NULL,NULL,'2018-12-19 05:32:43'),(445,1,'MACROALI','Editando producto: CAZA ZOMBIS  - id: 56','181.208.39.228',NULL,NULL,'2018-12-19 05:36:26'),(446,1,'MACROALI','Editando producto: FRUTTI FRUTTI  - id: 57','181.208.39.228',NULL,NULL,'2018-12-19 05:39:12'),(447,1,'MACROALI','Editando producto: Cerditos Glotones  - id: 58','181.208.39.228',NULL,NULL,'2018-12-19 05:40:29'),(448,1,'MACROALI','Editando producto: Torre de ratones - id: 59','181.208.39.228',NULL,NULL,'2018-12-19 05:41:07'),(449,1,'MACROALI','Editando producto: SILLAS  - id: 60','181.208.39.228',NULL,NULL,'2018-12-19 05:41:44'),(450,1,'MACROALI','Editando producto: Pincha El Pirata - id: 61','181.208.39.228',NULL,NULL,'2018-12-19 05:42:39'),(451,1,'MACROALI','Editando producto: Pincha Pirata más Torre Risa - id: 62','181.208.39.228',NULL,NULL,'2018-12-19 05:43:32'),(452,1,'MACROALI','Editando categoría de producto: Cartas - id: 8','181.208.39.228',NULL,NULL,'2018-12-19 05:46:20'),(453,1,'MACROALI','Editando producto: Sapiens  - id: 63','181.208.39.228',NULL,NULL,'2018-12-19 05:46:51'),(454,1,'MACROALI','Editando producto: Safari - id: 64','181.208.39.228',NULL,NULL,'2018-12-19 05:47:49'),(455,1,'MACROALI','Editando producto: Astrionauta  - id: 65','181.208.39.228',NULL,NULL,'2018-12-19 05:48:43'),(456,1,'MACROALI','Editando producto: Pizarra Letras y Números - id: 66','181.208.39.228',NULL,NULL,'2018-12-19 05:49:53'),(457,1,'MACROALI','Editando producto: Adivina Pintando  - id: 67','181.208.39.228',NULL,NULL,'2018-12-19 05:50:42'),(458,1,'MACROALI','Editando producto: Mimikids  - id: 68','181.208.39.228',NULL,NULL,'2018-12-19 05:51:33'),(459,1,'MACROALI','Editando producto: Tic tac cuentos  - id: 69','181.208.39.228',NULL,NULL,'2018-12-19 05:53:39'),(460,1,'MACROALI','Editando producto: Aprobado  - id: 70','181.208.39.228',NULL,NULL,'2018-12-19 05:54:44'),(461,1,'MACROALI','Editando producto: Sopa con letras  - id: 71','181.208.39.228',NULL,NULL,'2018-12-19 05:55:29'),(462,1,'MACROALI','Editando producto: No lo Digas  - id: 72','181.208.39.228',NULL,NULL,'2018-12-19 05:57:10'),(463,1,'MACROALI','Editando producto: El Primero de la Clase 1.000 - id: 73','181.208.39.228',NULL,NULL,'2018-12-19 05:58:27'),(464,1,'MACROALI','Editando producto: El Primero de la Clase 2.000 - id: 74','181.208.39.228',NULL,NULL,'2018-12-19 05:59:34'),(465,1,'MACROALI','Editando producto: El Primero de la Clase 3.000 - id: 75','181.208.39.228',NULL,NULL,'2018-12-19 06:01:21'),(466,1,'MACROALI','Editando producto: El Primero de la Clase 5.000 - id: 76','181.208.39.228',NULL,NULL,'2018-12-19 06:02:19'),(467,1,'MACROALI','Editando producto: Dominó Madera Colors - id: 77','181.208.39.228',NULL,NULL,'2018-12-19 06:04:58'),(468,1,'MACROALI','Editando producto: Tangram Madera - id: 78','181.208.39.228',NULL,NULL,'2018-12-19 06:05:49'),(469,1,'MACROALI','Editando producto: ¿Qué soy yo? Máscaras  - id: 79','181.208.39.228',NULL,NULL,'2018-12-19 06:10:34'),(470,1,'MACROALI','Editando producto:  Gran Jaleo  - id: 80','181.208.39.228',NULL,NULL,'2018-12-19 06:11:13'),(471,1,'MACROALI','Editando producto:  Caperucita Roja  - id: 81','181.208.39.228',NULL,NULL,'2018-12-19 06:12:05'),(472,1,'MACROALI','Editando producto: Pinocho - id: 82','181.208.39.228',NULL,NULL,'2018-12-19 06:13:08'),(473,1,'MACROALI','Editando producto:  Blancanieves  - id: 83','181.208.39.228',NULL,NULL,'2018-12-19 06:13:51'),(474,1,'MACROALI','Editando producto: Los Tres Cerditos  - id: 84','181.208.39.228',NULL,NULL,'2018-12-19 06:14:43'),(475,1,'MACROALI','Editando producto: Qué Soy Yo  - id: 85','181.208.39.228',NULL,NULL,'2018-12-19 06:15:41'),(476,1,'MACROALI','Editando producto: PARTY HEADZ - id: 86','181.208.39.228',NULL,NULL,'2018-12-19 06:17:21'),(477,1,'MACROALI','Editando producto: De uvas a peras  - id: 87','181.208.39.228',NULL,NULL,'2018-12-19 06:18:24'),(478,1,'MACROALI','Editando producto:  BEZZERWIZZER  - id: 88','181.208.39.228',NULL,NULL,'2018-12-19 06:19:07'),(479,1,'MACROALI','Editando producto: Talk & win BEST SELLER PLUS  - id: 89','181.208.39.228',NULL,NULL,'2018-12-19 06:20:03'),(480,1,'MACROALI','Editando producto: Sketchy BEST SELLER PLUS  - id: 90','181.208.39.228',NULL,NULL,'2018-12-19 06:20:48'),(481,1,'MACROALI','Editando producto: Cámara y Acción BEST SELLER PLUS - id: 91','181.208.39.228',NULL,NULL,'2018-12-19 06:21:36'),(482,1,'MACROALI','Editando producto: Last Word  - id: 92','181.208.39.228',NULL,NULL,'2018-12-19 06:22:19'),(483,1,'MACROALI','Editando producto: Cifras y Letras  - id: 93','181.208.39.228',NULL,NULL,'2018-12-19 06:23:01'),(484,1,'MACROALI','Editando producto: Sinónimos y Antónimos  - id: 94','181.208.39.228',NULL,NULL,'2018-12-19 06:23:39'),(485,1,'MACROALI','Inicio de sesión','190.216.229.17',NULL,NULL,'2018-12-21 20:52:04'),(486,1,'MACROALI','Editando imagen de carrusel:  JUEGOS CLÁSICOS - id: 1','190.216.229.17',NULL,NULL,'2018-12-21 20:53:04'),(487,1,'MACROALI','Editando producto:  Gran Jaleo  - id: 80','190.216.229.17',NULL,NULL,'2018-12-21 21:05:08'),(488,1,'MACROALI','Editando producto:  Gran Jaleo  - id: 80','190.216.229.17',NULL,NULL,'2018-12-21 21:05:15'),(489,1,'MACROALI','Editando producto: Cerditos Glotones  - id: 58','190.216.229.17',NULL,NULL,'2018-12-21 21:05:36'),(490,1,'MACROALI','Editando categoría de producto: Artísticos - id: 14','190.216.229.17',NULL,NULL,'2018-12-21 21:16:56'),(491,1,'MACROALI','Editando imagen de carrusel: APRENDE Y DIVIÉRTE - id: 2','84.121.85.82',NULL,NULL,'2018-12-26 10:20:35'),(492,1,'MACROALI','Editando imagen de carrusel: APRENDE Y DIVIÉRTE - id: 2','84.121.85.82',NULL,NULL,'2018-12-26 10:21:29'),(493,1,'MACROALI','Editando imagen de carrusel:  ÉCHALE MAGIA Y DIBI DIBADI DIBÚ - id: 4','84.121.85.82',NULL,NULL,'2018-12-26 10:21:48'),(494,1,'MACROALI','Editando imagen de carrusel:  JUEGOS DE HABILIDAD - id: 3','84.121.85.82',NULL,NULL,'2018-12-26 10:22:46'),(495,1,'MACROALI','Editando imagen de carrusel: APRENDE Y DIVIÉRTE - id: 2','84.121.85.82',NULL,NULL,'2018-12-26 10:24:07'),(496,1,'MACROALI','Editando imagen de carrusel: JUEGOS CON MUCHO ARTE - id: 5','84.121.85.82',NULL,NULL,'2018-12-26 10:25:00'),(497,1,'MACROALI','Editando categoría de producto: Juegos Clásicos - id: 13','84.121.85.82',NULL,NULL,'2018-12-26 11:02:44'),(498,1,'MACROALI','Editando categoría de producto: Artísticos - id: 14','84.121.85.82',NULL,NULL,'2018-12-26 11:16:41'),(499,1,'MACROALI','Editando categoría de producto: Artísticos - id: 14','84.121.85.82',NULL,NULL,'2018-12-26 11:17:27'),(500,1,'MACROALI','Editando categoría de producto: Artísticos - id: 14','84.121.85.82',NULL,NULL,'2018-12-26 11:18:15'),(501,1,'MACROALI','Editando imagen de carrusel: JUEGOS CON MUCHO ARTE - id: 5','84.121.85.82',NULL,NULL,'2018-12-26 11:19:21'),(502,1,'MACROALI','Editando categoría de producto: Artísticos - id: 14','84.121.85.82',NULL,NULL,'2018-12-26 11:19:46'),(503,1,'MACROALI','Editando categoría de producto: Artísticos - id: 14','84.121.85.82',NULL,NULL,'2018-12-26 11:24:45'),(504,1,'MACROALI','Editando imagen de carrusel: JUEGOS CON MUCHO ARTE - id: 5','84.121.85.82',NULL,NULL,'2018-12-26 11:25:01'),(505,1,'MACROALI','Editando producto: ALFARERÍA - id: 103','84.121.85.82',NULL,NULL,'2018-12-27 10:19:56'),(506,1,'MACROALI','Editando producto: ALFARERÍA PLUS  - id: 104','84.121.85.82',NULL,NULL,'2018-12-27 10:21:28'),(507,1,'MACROALI','Editando producto: Alfarería POP ART  - id: 98','84.121.85.82',NULL,NULL,'2018-12-27 10:21:51'),(508,1,'MACROALI','Editando producto: Alfarería Flower Power - id: 99','84.121.85.82',NULL,NULL,'2018-12-27 10:22:04'),(509,1,'MACROALI','Editando producto: Alfarería Princess - id: 100','84.121.85.82',NULL,NULL,'2018-12-27 10:22:20'),(510,1,'MACROALI','Editando producto: Alfarería Piratas - id: 101','84.121.85.82',NULL,NULL,'2018-12-27 10:22:33'),(511,1,'MACROALI','Editando producto: Alfarería Dinosaurios  - id: 102','84.121.85.82',NULL,NULL,'2018-12-27 10:22:51'),(512,1,'MACROALI','Editando producto: Diseños Mágicos - id: 108','84.121.85.82',NULL,NULL,'2018-12-27 10:23:09'),(513,1,'MACROALI','Editando producto: Mis Tatuajes y Pegatinas - id: 107','84.121.85.82',NULL,NULL,'2018-12-27 10:23:20'),(514,1,'MACROALI','Editando producto: Tatuajes Mágicos Azul  - id: 105','84.121.85.82',NULL,NULL,'2018-12-27 10:23:37'),(515,1,'MACROALI','Editando producto: Tatuajes Mágicos Rosa  - id: 106','84.121.85.82',NULL,NULL,'2018-12-27 10:23:50'),(516,1,'MACROALI','Editando producto:  BEZZERWIZZER  - id: 88','81.202.58.172',NULL,NULL,'2018-12-27 12:30:35'),(517,1,'MACROALI','Editando producto:  BEZZERWIZZER  - id: 88','81.202.58.172',NULL,NULL,'2018-12-27 12:31:28'),(518,1,'MACROALI','Editando producto:  BEZZERWIZZER  - id: 88','81.202.58.172',NULL,NULL,'2018-12-27 12:32:05'),(519,1,'MACROALI','Editando producto:  BEZZERWIZZER  - id: 88','81.202.58.172',NULL,NULL,'2018-12-27 12:33:38'),(520,1,'MACROALI','Editando producto:  BEZZERWIZZER  - id: 88','81.202.58.172',NULL,NULL,'2018-12-27 12:34:00'),(521,1,'MACROALI','Editando producto:  BEZZERWIZZER  - id: 88','81.202.58.172',NULL,NULL,'2018-12-27 12:34:08'),(522,1,'MACROALI','Editando producto:  BEZZERWIZZER  - id: 88','81.202.58.172',NULL,NULL,'2018-12-27 12:39:42'),(523,7,'FALOMIR','Inicio de sesión','81.202.58.172',NULL,NULL,'2018-12-27 17:43:39'),(524,7,'FALOMIR','Inicio de sesión','81.202.58.172',NULL,NULL,'2018-12-28 09:58:48'),(525,1,'MACROALI','Editando producto:  BEZZERWIZZER  - id: 88','84.121.85.82',NULL,NULL,'2018-12-28 10:13:26'),(526,1,'MACROALI','Editando producto:  BEZZERWIZZER  - id: 88','84.121.85.82',NULL,NULL,'2018-12-28 10:34:12'),(527,1,'MACROALI','Editando producto: THE NOODLE GAME  - id: 53','87.223.136.123',NULL,NULL,'2018-12-29 12:50:34'),(528,1,'MACROALI','Editando producto: TOSTADORA LOCA  - id: 55','87.223.136.123',NULL,NULL,'2018-12-29 12:55:18'),(529,1,'MACROALI','Editando producto: TOSTADORA LOCA  - id: 55','87.223.136.123',NULL,NULL,'2018-12-29 12:56:03'),(530,1,'MACROALI','Editando producto: Cerditos Glotones  - id: 58','87.223.136.123',NULL,NULL,'2018-12-29 12:58:50'),(531,1,'MACROALI','Editando producto: Cerditos Glotones  - id: 58','87.223.136.123',NULL,NULL,'2018-12-29 13:04:20'),(532,1,'MACROALI','Editando producto: Cerditos Glotones  - id: 58','87.223.136.123',NULL,NULL,'2018-12-29 13:08:04'),(533,1,'MACROALI','Editando producto:  Gran Jaleo  - id: 80','87.223.136.123',NULL,NULL,'2018-12-29 13:10:52'),(534,1,'MACROALI','Editando producto: TOSTADORA LOCA  - id: 55','87.223.136.123',NULL,NULL,'2018-12-29 13:11:55'),(535,1,'MACROALI','Editando producto: THE NOODLE GAME  - id: 53','87.223.136.123',NULL,NULL,'2018-12-29 13:13:23'),(536,1,'MACROALI','Editando producto: Sapiens  - id: 63','87.223.136.123',NULL,NULL,'2018-12-29 13:14:42'),(537,1,'MACROALI','Editando producto: El Primero de la Clase 5.000 - id: 76','84.121.88.136',NULL,NULL,'2019-01-14 08:43:29'),(538,7,'FALOMIR','Inicio de sesión','81.202.58.172',NULL,NULL,'2019-01-16 11:04:47'),(539,7,'FALOMIR','Editando imagen de carrusel: APRENDE Y DIVIÉRTETE - id: 2','81.202.58.172',NULL,NULL,'2019-01-16 11:09:19'),(540,7,'FALOMIR','Editando imagen de carrusel:  JUEGOS DE HABILIDAD - id: 3','81.202.58.172',NULL,NULL,'2019-01-16 11:10:49'),(541,7,'FALOMIR','Editando imagen de carrusel: JUEGOS CON MUCHO ARTE - id: 5','81.202.58.172',NULL,NULL,'2019-01-16 11:12:42'),(542,7,'FALOMIR','Editando imagen de carrusel:  JUEGOS CLÁSICOS - id: 1','81.202.58.172',NULL,NULL,'2019-01-16 11:13:27'),(543,7,'FALOMIR','Editando imagen de carrusel:  JUEGOS DE HABILIDAD - id: 3','81.202.58.172',NULL,NULL,'2019-01-16 11:21:50'),(544,1,'MACROALI','Inicio de sesión','200.8.80.82',NULL,NULL,'2019-01-16 22:16:01'),(545,1,'MACROALI','Editando categoría de producto: Habilidad - id: 7','200.8.80.82',NULL,NULL,'2019-01-16 22:42:21'),(546,1,'MACROALI','Editando categoría de producto: Juegos Clásicos - id: 13','200.8.80.82',NULL,NULL,'2019-01-16 22:44:51'),(547,1,'MACROALI','Editando categoría de producto: Artísticos - id: 14','200.8.80.82',NULL,NULL,'2019-01-16 22:46:17'),(548,7,'FALOMIR','Inicio de sesión','81.202.58.172',NULL,NULL,'2019-01-17 12:59:49'),(549,1,'MACROALI','Inicio de sesión','84.121.157.68',NULL,NULL,'2019-03-06 09:21:31'),(550,7,'FALOMIR','Inicio de sesión','84.121.157.68',NULL,NULL,'2019-03-06 09:42:32'),(551,7,'FALOMIR','Inicio de sesión','84.121.157.68',NULL,NULL,'2019-03-06 09:43:24'),(552,7,'FALOMIR','Inicio de sesión','213.99.233.144',NULL,NULL,'2019-03-06 11:31:48'),(553,7,'FALOMIR','Editando categoría de producto: Juegos de Mesa - id: 15','213.99.233.144',NULL,NULL,'2019-03-06 13:14:09'),(554,7,'FALOMIR','Editando producto: El Primero de la Clase 5.000 - id: 76','213.99.233.144',NULL,NULL,'2019-03-06 15:56:57'),(555,7,'FALOMIR','Editando producto: BINGO BASIC AUTOMÁTICO - id: 21','213.99.233.144',NULL,NULL,'2019-03-06 15:57:19'),(556,1,'MACROALI','Inicio de sesión','190.75.63.171',NULL,NULL,'2019-05-19 15:36:46'),(557,1,'MACROALI','Editando imagen de carrusel:  JUEGOS CLÁSICOS - id: 1','190.75.63.171',NULL,NULL,'2019-05-19 15:37:33'),(558,1,'MACROALI','Editando imagen de carrusel: APRENDE Y DIVIÉRTETE - id: 2','190.75.63.171',NULL,NULL,'2019-05-19 15:38:53'),(559,1,'MACROALI','Editando imagen de carrusel:  JUEGOS DE HABILIDAD - id: 3','190.75.63.171',NULL,NULL,'2019-05-19 15:39:42'),(560,1,'MACROALI','Editando imagen de carrusel:  JUEGOS DE HABILIDAD - id: 3','190.75.63.171',NULL,NULL,'2019-05-19 15:39:54'),(561,1,'MACROALI','Editando imagen de carrusel:  ÉCHALE MAGIA Y DIBI DIBADI DIBÚ - id: 4','190.75.63.171',NULL,NULL,'2019-05-19 15:40:33'),(562,1,'MACROALI','Editando imagen de carrusel: JUEGOS CON MUCHO ARTE - id: 5','190.75.63.171',NULL,NULL,'2019-05-19 15:41:04'),(563,1,'MACROALI','Editando categoría de producto: Bingos - id: 2','190.75.63.171',NULL,NULL,'2019-05-19 15:55:28'),(564,1,'MACROALI','Editando categoría de producto: Tableros - id: 3','190.75.63.171',NULL,NULL,'2019-05-19 15:55:53'),(565,1,'MACROALI','Editando categoría de producto: Magnéticos - id: 4','190.75.63.171',NULL,NULL,'2019-05-19 15:56:13'),(566,1,'MACROALI','Editando categoría de producto: Dominós - id: 5','190.75.63.171',NULL,NULL,'2019-05-19 15:56:34'),(567,1,'MACROALI','Editando categoría de producto: Accesorios - id: 6','190.75.63.171',NULL,NULL,'2019-05-19 15:56:51'),(568,1,'MACROALI','Editando categoría de producto: Cartas - id: 8','190.75.63.171',NULL,NULL,'2019-05-19 15:57:08'),(569,1,'MACROALI','Editando categoría de producto: Educativos - id: 9','190.75.63.171',NULL,NULL,'2019-05-19 15:57:26'),(570,1,'MACROALI','Editando categoría de producto: Infantiles - id: 10','190.75.63.171',NULL,NULL,'2019-05-19 15:57:51'),(571,1,'MACROALI','Editando categoría de producto: Family & Friends - id: 11','190.75.63.171',NULL,NULL,'2019-05-19 15:58:05'),(572,1,'MACROALI','Editando categoría de producto: Habilidad - id: 7','190.75.63.171',NULL,NULL,'2019-05-19 15:58:59'),(573,1,'MACROALI','Editando categoría de producto: Magia - id: 12','190.75.63.171',NULL,NULL,'2019-05-19 16:00:07'),(574,1,'MACROALI','Editando categoría de producto: Juegos Clásicos - id: 13','190.75.63.171',NULL,NULL,'2019-05-19 16:00:42'),(575,1,'MACROALI','Editando categoría de producto: Artísticos - id: 14','190.75.63.171',NULL,NULL,'2019-05-19 16:25:31'),(576,1,'MACROALI','Editando categoría de producto: Juegos de Mesa - id: 15','190.75.63.171',NULL,NULL,'2019-05-19 16:25:54'),(577,1,'MACROALI','Editando noticia: ¿PUEDO JUGAR CONTIGO? - id: 6','190.75.63.171',NULL,NULL,'2019-05-19 16:38:22'),(578,1,'MACROALI','Editando noticia: ¡HAZ MAGIA EN EL COLE! - id: 7','190.75.63.171',NULL,NULL,'2019-05-19 16:38:59'),(579,1,'MACROALI','Editando noticia: TerroRISAS - id: 8','190.75.63.171',NULL,NULL,'2019-05-19 16:39:40'),(580,1,'MACROALI','Editando noticia: JUEGA Y DESATA TU IMAGINACIÓN - id: 9','190.75.63.171',NULL,NULL,'2019-05-19 16:40:13'),(581,1,'MACROALI','Editando categoría de noticia: JUEGOS Y JUGUETES - id: 6','190.75.63.171',NULL,NULL,'2019-05-19 16:53:57'),(582,1,'MACROALI','Editando categoría de noticia: LOS NIÑOS JUEGAN - id: 7','190.75.63.171',NULL,NULL,'2019-05-19 16:54:12'),(583,1,'MACROALI','Editando categoría de noticia: MANUALIDADES - id: 8','190.75.63.171',NULL,NULL,'2019-05-19 16:54:28'),(584,1,'MACROALI','Editando categoría de noticia: JUEGOS DE HABILIDAD - id: 9','190.75.63.171',NULL,NULL,'2019-05-19 16:54:44'),(585,1,'MACROALI','Editando categoría de noticia: TARDES DE JUEGOS - id: 10','190.75.63.171',NULL,NULL,'2019-05-19 16:55:21'),(586,1,'MACROALI','Inicio de sesión','190.75.63.171',NULL,NULL,'2019-05-19 20:07:33'),(587,1,'MACROALI','Editando producto: Caja Magia 50 Trucos  - id: 95','190.75.63.171',NULL,NULL,'2019-05-19 20:10:38'),(588,1,'MACROALI','Editando producto: Caja Magia 50 Trucos  - id: 95','190.75.63.171',NULL,NULL,'2019-05-19 20:18:35'),(589,1,'MACROALI','Editando producto: BINGO ELÉCTRICO - id: 22','190.75.63.171',NULL,NULL,'2019-05-19 20:19:29'),(590,1,'MACROALI','Editando producto: Taller de Magia 200 Trucos - id: 97','190.75.63.171',NULL,NULL,'2019-05-19 20:21:25'),(591,1,'MACROALI','Editando producto: Aprobado  - id: 70','190.75.63.171',NULL,NULL,'2019-05-19 20:22:10'),(592,1,'MACROALI','Editando producto: Dominó Madera Colors - id: 77','190.75.63.171',NULL,NULL,'2019-05-19 20:22:35'),(593,1,'MACROALI','Editando producto: El Primero de la Clase 1.000 - id: 73','190.75.63.171',NULL,NULL,'2019-05-19 20:23:09'),(594,1,'MACROALI','Editando producto: El Primero de la Clase 2.000 - id: 74','190.75.63.171',NULL,NULL,'2019-05-19 20:23:51'),(595,1,'MACROALI','Editando producto: El Primero de la Clase 3.000 - id: 75','190.75.63.171',NULL,NULL,'2019-05-19 20:24:19'),(596,1,'MACROALI','Editando producto: El Primero de la Clase 5.000 - id: 76','190.75.63.171',NULL,NULL,'2019-05-19 20:24:53'),(597,1,'MACROALI','Editando producto: Mis Tatuajes y Pegatinas - id: 107','190.75.63.171',NULL,NULL,'2019-05-19 20:25:25'),(598,1,'MACROALI','Editando producto (relevancia): Caja Magia 50 Trucos  - id: 95','190.75.63.171',NULL,NULL,'2019-05-19 23:30:01'),(599,1,'MACROALI','Editando producto (relevancia): Caja Magia 100 Trucos  - id: 96','190.75.63.171',NULL,NULL,'2019-05-19 23:30:02'),(600,1,'MACROALI','Editando producto (relevancia): Caja Magia 100 Trucos  - id: 96','190.75.63.171',NULL,NULL,'2019-05-19 23:30:12'),(601,1,'MACROALI','Editando producto (relevancia): Taller de Magia 200 Trucos - id: 97','190.75.63.171',NULL,NULL,'2019-05-19 23:30:17'),(602,1,'MACROALI','Editando producto (relevancia): Aprobado  - id: 70','190.75.63.171',NULL,NULL,'2019-05-19 23:30:23'),(603,1,'MACROALI','Editando producto (relevancia): Dominó Madera Colors - id: 77','190.75.63.171',NULL,NULL,'2019-05-19 23:30:29'),(604,1,'MACROALI','Editando producto (relevancia): El Primero de la Clase 1.000 - id: 73','190.75.63.171',NULL,NULL,'2019-05-19 23:30:41'),(605,1,'MACROALI','Editando producto (relevancia): El Primero de la Clase 2.000 - id: 74','190.75.63.171',NULL,NULL,'2019-05-19 23:30:46'),(606,1,'MACROALI','Editando producto (relevancia): El Primero de la Clase 3.000 - id: 75','190.75.63.171',NULL,NULL,'2019-05-19 23:30:50'),(607,1,'MACROALI','Editando producto (relevancia): El Primero de la Clase 5.000 - id: 76','190.75.63.171',NULL,NULL,'2019-05-19 23:30:54'),(608,1,'MACROALI','Editando producto (relevancia): Mis Tatuajes y Pegatinas - id: 107','190.75.63.171',NULL,NULL,'2019-05-19 23:30:57'),(609,1,'MACROALI','Editando producto (relevancia): Caja Magia 100 Trucos  - id: 96','190.75.63.171',NULL,NULL,'2019-05-19 23:34:17'),(610,1,'MACROALI','Editando producto (relevancia): Caja Magia 50 Trucos  - id: 95','190.75.63.171',NULL,NULL,'2019-05-19 23:34:17'),(611,1,'MACROALI','Editando producto (relevancia): Taller de Magia 200 Trucos - id: 97','190.75.63.171',NULL,NULL,'2019-05-19 23:34:19'),(612,1,'MACROALI','Editando producto (relevancia): Aprobado  - id: 70','190.75.63.171',NULL,NULL,'2019-05-19 23:34:23'),(613,1,'MACROALI','Editando producto (relevancia): Dominó Madera Colors - id: 77','190.75.63.171',NULL,NULL,'2019-05-19 23:34:24'),(614,1,'MACROALI','Editando producto (relevancia): El Primero de la Clase 1.000 - id: 73','190.75.63.171',NULL,NULL,'2019-05-19 23:34:24'),(615,1,'MACROALI','Editando producto (relevancia): El Primero de la Clase 2.000 - id: 74','190.75.63.171',NULL,NULL,'2019-05-19 23:34:25'),(616,1,'MACROALI','Editando producto (relevancia): El Primero de la Clase 3.000 - id: 75','190.75.63.171',NULL,NULL,'2019-05-19 23:34:26'),(617,1,'MACROALI','Editando producto (relevancia): El Primero de la Clase 5.000 - id: 76','190.75.63.171',NULL,NULL,'2019-05-19 23:34:27'),(618,1,'MACROALI','Editando producto (relevancia): Mis Tatuajes y Pegatinas - id: 107','190.75.63.171',NULL,NULL,'2019-05-19 23:34:29'),(619,1,'MACROALI','Editando producto (relevancia): Caja Magia 50 Trucos  - id: 95','190.75.63.171',NULL,NULL,'2019-05-19 23:34:30'),(620,1,'MACROALI','Editando producto (relevancia): Caja Magia 100 Trucos  - id: 96','190.75.63.171',NULL,NULL,'2019-05-19 23:34:30'),(621,1,'MACROALI','Editando producto (relevancia): Taller de Magia 200 Trucos - id: 97','190.75.63.171',NULL,NULL,'2019-05-19 23:34:31'),(622,1,'MACROALI','Editando producto (relevancia): Aprobado  - id: 70','190.75.63.171',NULL,NULL,'2019-05-19 23:34:33'),(623,1,'MACROALI','Editando producto (relevancia): Dominó Madera Colors - id: 77','190.75.63.171',NULL,NULL,'2019-05-19 23:34:35'),(624,1,'MACROALI','Editando producto (relevancia): Caja Magia 50 Trucos  - id: 95','190.75.63.171',NULL,NULL,'2019-05-19 23:40:55'),(625,1,'MACROALI','Editando producto (relevancia): Caja Magia 100 Trucos  - id: 96','190.75.63.171',NULL,NULL,'2019-05-19 23:40:57'),(626,1,'MACROALI','Editando producto (relevancia): Caja Magia 100 Trucos  - id: 96','190.75.63.171',NULL,NULL,'2019-05-19 23:41:00'),(627,1,'MACROALI','Editando producto (relevancia): Taller de Magia 200 Trucos - id: 97','190.75.63.171',NULL,NULL,'2019-05-19 23:41:01'),(628,1,'MACROALI','Editando producto (relevancia): Aprobado  - id: 70','190.75.63.171',NULL,NULL,'2019-05-19 23:41:01'),(629,1,'MACROALI','Editando producto (relevancia): Dominó Madera Colors - id: 77','190.75.63.171',NULL,NULL,'2019-05-19 23:41:02'),(630,1,'MACROALI','Editando producto (relevancia): El Primero de la Clase 1.000 - id: 73','190.75.63.171',NULL,NULL,'2019-05-19 23:41:03'),(631,1,'MACROALI','Editando producto (relevancia): El Primero de la Clase 2.000 - id: 74','190.75.63.171',NULL,NULL,'2019-05-19 23:41:04'),(632,1,'MACROALI','Editando producto (relevancia): El Primero de la Clase 3.000 - id: 75','190.75.63.171',NULL,NULL,'2019-05-19 23:41:05'),(633,1,'MACROALI','Editando producto (relevancia): El Primero de la Clase 5.000 - id: 76','190.75.63.171',NULL,NULL,'2019-05-19 23:41:05'),(634,1,'MACROALI','Editando producto (relevancia): Mis Tatuajes y Pegatinas - id: 107','190.75.63.171',NULL,NULL,'2019-05-19 23:41:07'),(635,1,'MACROALI','Editando producto (relevancia): No lo Digas  - id: 72','190.75.63.171',NULL,NULL,'2019-05-19 23:41:10'),(636,1,'MACROALI','Editando producto (relevancia): Tangram Madera - id: 78','190.75.63.171',NULL,NULL,'2019-05-19 23:41:12'),(637,1,'MACROALI','Editando producto (relevancia): Diseños Mágicos - id: 108','190.75.63.171',NULL,NULL,'2019-05-19 23:41:12'),(638,1,'MACROALI','Editando producto (relevancia): Tatuajes Mágicos Rosa  - id: 106','190.75.63.171',NULL,NULL,'2019-05-19 23:41:13'),(639,1,'MACROALI','Editando producto (relevancia): Tatuajes Mágicos Azul  - id: 105','190.75.63.171',NULL,NULL,'2019-05-19 23:41:14'),(640,1,'MACROALI','Editando producto (relevancia): Bingo - Lotto  - id: 24','190.75.63.171',NULL,NULL,'2019-05-19 23:41:14'),(641,1,'MACROALI','Editando producto (relevancia): Qué Soy Yo  - id: 85','190.75.63.171',NULL,NULL,'2019-05-19 23:41:15'),(642,1,'MACROALI','Editando producto (relevancia): Pincha Pirata más Torre Risa - id: 62','190.75.63.171',NULL,NULL,'2019-05-19 23:41:15'),(643,1,'MACROALI','Editando producto (relevancia): Sinónimos y Antónimos  - id: 94','190.75.63.171',NULL,NULL,'2019-05-19 23:41:17'),(644,1,'MACROALI','Editando producto (relevancia): Pincha El Pirata - id: 61','190.75.63.171',NULL,NULL,'2019-05-19 23:41:18'),(645,1,'MACROALI','Editando producto (relevancia):  Blancanieves  - id: 83','190.75.63.171',NULL,NULL,'2019-05-19 23:41:20'),(646,1,'MACROALI','Editando producto (relevancia): Pinocho - id: 82','190.75.63.171',NULL,NULL,'2019-05-19 23:41:20'),(647,1,'MACROALI','Editando producto (relevancia):  Caperucita Roja  - id: 81','190.75.63.171',NULL,NULL,'2019-05-19 23:41:21'),(648,1,'MACROALI','Editando producto (relevancia): Cámara y Acción BEST SELLER PLUS - id: 91','190.75.63.171',NULL,NULL,'2019-05-19 23:41:22'),(649,1,'MACROALI','Editando producto (relevancia): Torre de ratones - id: 59','190.75.63.171',NULL,NULL,'2019-05-19 23:41:23'),(650,1,'MACROALI','Editando producto (relevancia): Last Word  - id: 92','190.75.63.171',NULL,NULL,'2019-05-19 23:41:25'),(651,1,'MACROALI','Editando producto (relevancia): Pizarra Letras y Números - id: 66','190.75.63.171',NULL,NULL,'2019-05-19 23:41:25'),(652,1,'MACROALI','Editando producto (relevancia): Sopa con letras  - id: 71','190.75.63.171',NULL,NULL,'2019-05-19 23:41:25'),(653,1,'MACROALI','Editando producto (relevancia): BINGO XXL Premium - id: 23','190.75.63.171',NULL,NULL,'2019-05-19 23:41:27'),(654,1,'MACROALI','Editando producto (relevancia): SILLAS  - id: 60','190.75.63.171',NULL,NULL,'2019-05-19 23:41:30'),(655,1,'MACROALI','Editando producto (relevancia):  BEZZERWIZZER  - id: 88','190.75.63.171',NULL,NULL,'2019-05-19 23:41:32'),(656,1,'MACROALI','Editando producto (relevancia): Talk & win BEST SELLER PLUS  - id: 89','190.75.63.171',NULL,NULL,'2019-05-19 23:41:33'),(657,1,'MACROALI','Editando producto (relevancia): Sketchy BEST SELLER PLUS  - id: 90','190.75.63.171',NULL,NULL,'2019-05-19 23:41:34'),(658,1,'MACROALI','Editando producto (relevancia): Tic tac cuentos  - id: 69','190.75.63.171',NULL,NULL,'2019-05-19 23:41:35'),(659,1,'MACROALI','Editando producto (relevancia): Mimikids  - id: 68','190.75.63.171',NULL,NULL,'2019-05-19 23:41:36'),(660,1,'MACROALI','Editando producto (relevancia): Adivina Pintando  - id: 67','190.75.63.171',NULL,NULL,'2019-05-19 23:41:36'),(661,1,'MACROALI','Editando producto (relevancia): ALFARERÍA PLUS  - id: 104','190.75.63.171',NULL,NULL,'2019-05-19 23:41:37'),(662,1,'MACROALI','Editando producto (relevancia): ALFARERÍA - id: 103','190.75.63.171',NULL,NULL,'2019-05-19 23:41:37'),(663,1,'MACROALI','Editando producto (relevancia): Cerditos Glotones  - id: 58','190.75.63.171',NULL,NULL,'2019-05-19 23:41:39'),(664,1,'MACROALI','Editando producto (relevancia): Los Tres Cerditos  - id: 84','190.75.63.171',NULL,NULL,'2019-05-19 23:41:40'),(665,1,'MACROALI','Editando producto (relevancia): Los Tres Cerditos  - id: 84','190.75.63.171',NULL,NULL,'2019-05-19 23:41:55'),(666,1,'MACROALI','Editando producto (relevancia): Cerditos Glotones  - id: 58','190.75.63.171',NULL,NULL,'2019-05-19 23:41:56'),(667,1,'MACROALI','Editando producto (relevancia): ALFARERÍA - id: 103','190.75.63.171',NULL,NULL,'2019-05-19 23:41:56'),(668,1,'MACROALI','Editando producto (relevancia): ALFARERÍA PLUS  - id: 104','190.75.63.171',NULL,NULL,'2019-05-19 23:41:57'),(669,1,'MACROALI','Editando producto (relevancia): Adivina Pintando  - id: 67','190.75.63.171',NULL,NULL,'2019-05-19 23:41:57'),(670,1,'MACROALI','Editando producto (relevancia): Mimikids  - id: 68','190.75.63.171',NULL,NULL,'2019-05-19 23:41:58'),(671,1,'MACROALI','Editando producto (relevancia): Tic tac cuentos  - id: 69','190.75.63.171',NULL,NULL,'2019-05-19 23:41:59'),(672,1,'MACROALI','Editando producto (relevancia): Sketchy BEST SELLER PLUS  - id: 90','190.75.63.171',NULL,NULL,'2019-05-19 23:41:59'),(673,1,'MACROALI','Editando producto (relevancia): Talk & win BEST SELLER PLUS  - id: 89','190.75.63.171',NULL,NULL,'2019-05-19 23:41:59'),(674,1,'MACROALI','Editando producto (relevancia):  BEZZERWIZZER  - id: 88','190.75.63.171',NULL,NULL,'2019-05-19 23:42:00'),(675,1,'MACROALI','Editando producto (relevancia): Ajedrez Damas Magnético 25 cm. - id: 41','190.75.63.171',NULL,NULL,'2019-05-19 23:42:02'),(676,1,'MACROALI','Editando producto (relevancia): DAMAS MAGNÉTICO  - id: 40','190.75.63.171',NULL,NULL,'2019-05-19 23:42:03'),(677,1,'MACROALI','Editando producto (relevancia): OCA MAGNÉTICO  - id: 39','190.75.63.171',NULL,NULL,'2019-05-19 23:42:03'),(678,1,'MACROALI','Editando producto (relevancia): PARCHÍS MAGNÉTICO  - id: 38','190.75.63.171',NULL,NULL,'2019-05-19 23:42:04'),(679,1,'MACROALI','Editando producto (relevancia): AJEDREZ MAGNÉTICO  - id: 37','190.75.63.171',NULL,NULL,'2019-05-19 23:42:04'),(680,1,'MACROALI','Editando producto (relevancia):  Gran Jaleo  - id: 80','190.75.63.171',NULL,NULL,'2019-05-19 23:42:04'),(681,1,'MACROALI','Editando producto (relevancia): Cifras y Letras  - id: 93','190.75.63.171',NULL,NULL,'2019-05-19 23:42:05'),(682,1,'MACROALI','Editando producto (relevancia): CAZA ZOMBIS  - id: 56','190.75.63.171',NULL,NULL,'2019-05-19 23:42:06'),(683,1,'MACROALI','Editando producto (relevancia): TOSTADORA LOCA  - id: 55','190.75.63.171',NULL,NULL,'2019-05-19 23:42:07'),(684,1,'MACROALI','Editando producto (relevancia): FRUTTI FRUTTI  - id: 57','190.75.63.171',NULL,NULL,'2019-05-19 23:42:08'),(685,1,'MACROALI','Editando producto (relevancia): PARCHÍS 6 jugadores OCA 40 cm. más Accesorios  - id: 34','190.75.63.171',NULL,NULL,'2019-05-19 23:42:11'),(686,1,'MACROALI','Editando producto (relevancia): PARCHÍS OCA 40 cm. más Accesorios - id: 30','190.75.63.171',NULL,NULL,'2019-05-19 23:42:11'),(687,1,'MACROALI','Editando producto (relevancia): PARCHÍS Ajedrez Damas 33 cm. más Accesorios  - id: 33','190.75.63.171',NULL,NULL,'2019-05-19 23:42:12'),(688,1,'MACROALI','Editando producto (relevancia): PARCHÍS CRISTAL - OCA 40 cm.  - id: 32','190.75.63.171',NULL,NULL,'2019-05-19 23:42:13'),(689,1,'MACROALI','Editando producto (relevancia): PARCHÍS 4 y 6 jugadores 40 cm.  - id: 31','190.75.63.171',NULL,NULL,'2019-05-19 23:42:13'),(690,1,'MACROALI','Editando producto (relevancia): PARCHÍS 6 jugadores OCA 40 cm.  - id: 29','190.75.63.171',NULL,NULL,'2019-05-19 23:42:14'),(691,1,'MACROALI','Editando producto (relevancia): AJEDREZ DAMAS 40 cm.  - id: 28','190.75.63.171',NULL,NULL,'2019-05-19 23:42:14'),(692,1,'MACROALI','Editando producto (relevancia): PARCHÍS OCA 40 cm.  - id: 27','190.75.63.171',NULL,NULL,'2019-05-19 23:42:16'),(693,1,'MACROALI','Editando producto (relevancia): PARCHÍS AJEDREZ DAMAS 33 cm. - id: 26','190.75.63.171',NULL,NULL,'2019-05-19 23:42:16'),(694,1,'MACROALI','Editando producto (relevancia): PARCHÍS OCA 33 cm.  - id: 25','190.75.63.171',NULL,NULL,'2019-05-19 23:42:18'),(695,1,'MACROALI','Editando producto (relevancia): ACCESORIOS DAMAS - id: 47','190.75.63.171',NULL,NULL,'2019-05-19 23:42:20'),(696,1,'MACROALI','Editando producto (relevancia): ACCESORIOS PARCHÍS 6 JUGADORES - id: 46','190.75.63.171',NULL,NULL,'2019-05-19 23:42:20'),(697,1,'MACROALI','Editando producto (relevancia): ACCESORIOS PARCHÍS 4 JUGADORES - id: 45','190.75.63.171',NULL,NULL,'2019-05-19 23:42:20'),(698,1,'MACROALI','Editando producto (relevancia):  PARCHÍS AUTOMÁTICO OCA  - id: 36','190.75.63.171',NULL,NULL,'2019-05-19 23:42:21'),(699,1,'MACROALI','Editando producto (relevancia): BINGO ELÉCTRICO - id: 22','190.75.63.171',NULL,NULL,'2019-05-19 23:42:21'),(700,1,'MACROALI','Editando producto (relevancia): BINGO BASIC AUTOMÁTICO - id: 21','190.75.63.171',NULL,NULL,'2019-05-19 23:42:22'),(701,1,'MACROALI','Editando producto (relevancia): DOMINÓ COMPETICIÓN - id: 44','190.75.63.171',NULL,NULL,'2019-05-19 23:42:22'),(702,1,'MACROALI','Editando producto (relevancia): DOMINÓ CHAMELO JUNIOR - id: 43','190.75.63.171',NULL,NULL,'2019-05-19 23:42:23'),(703,1,'MACROALI','Editando producto (relevancia): DOMINÓ MARFIL  - id: 42','190.75.63.171',NULL,NULL,'2019-05-19 23:42:24'),(704,1,'MACROALI','Editando producto (relevancia): Ajedrez Damas 40 cm. más Accesorios  - id: 35','190.75.63.171',NULL,NULL,'2019-05-19 23:42:25'),(705,1,'MACROALI','Editando producto (relevancia): Safari - id: 64','190.75.63.171',NULL,NULL,'2019-05-19 23:42:27'),(706,1,'MACROALI','Editando producto (relevancia): Sapiens  - id: 63','190.75.63.171',NULL,NULL,'2019-05-19 23:42:27'),(707,1,'MACROALI','Editando producto (relevancia): PARTY HEADZ - id: 86','190.75.63.171',NULL,NULL,'2019-05-19 23:42:28'),(708,1,'MACROALI','Editando producto (relevancia): PARTY HEADZ - id: 54','190.75.63.171',NULL,NULL,'2019-05-19 23:42:28'),(709,1,'MACROALI','Editando producto (relevancia): THE NOODLE GAME  - id: 53','190.75.63.171',NULL,NULL,'2019-05-19 23:42:29'),(710,1,'MACROALI','Editando producto (relevancia): TOCO TRONCO  - id: 52','190.75.63.171',NULL,NULL,'2019-05-19 23:42:31'),(711,1,'MACROALI','Editando producto (relevancia): SILLAS COLORS  - id: 51','190.75.63.171',NULL,NULL,'2019-05-19 23:42:31'),(712,1,'MACROALI','Editando producto (relevancia): TAPETE 50 x 50 CM  - id: 50','190.75.63.171',NULL,NULL,'2019-05-19 23:42:32'),(713,1,'MACROALI','Editando producto (relevancia): PIEZAS AJEDREZ STAUNTON Nº 4 - id: 49','190.75.63.171',NULL,NULL,'2019-05-19 23:42:33'),(714,1,'MACROALI','Editando producto (relevancia): PIEZAS AJEDREZ STAUNTON Nº 3 - id: 48','190.75.63.171',NULL,NULL,'2019-05-19 23:42:34'),(715,1,'MACROALI','Editando producto (relevancia): Alfarería Dinosaurios  - id: 102','190.75.63.171',NULL,NULL,'2019-05-19 23:42:36'),(716,1,'MACROALI','Editando producto (relevancia): Alfarería Piratas - id: 101','190.75.63.171',NULL,NULL,'2019-05-19 23:42:37'),(717,1,'MACROALI','Editando producto (relevancia): Alfarería Princess - id: 100','190.75.63.171',NULL,NULL,'2019-05-19 23:42:37'),(718,1,'MACROALI','Editando producto (relevancia): Alfarería Flower Power - id: 99','190.75.63.171',NULL,NULL,'2019-05-19 23:42:38'),(719,1,'MACROALI','Editando producto (relevancia): Alfarería POP ART  - id: 98','190.75.63.171',NULL,NULL,'2019-05-19 23:42:38'),(720,1,'MACROALI','Editando producto (relevancia): De uvas a peras  - id: 87','190.75.63.171',NULL,NULL,'2019-05-19 23:42:39'),(721,1,'MACROALI','Editando producto (relevancia): ¿Qué soy yo? Máscaras  - id: 79','190.75.63.171',NULL,NULL,'2019-05-19 23:42:40'),(722,1,'MACROALI','Editando producto (relevancia): Astrionauta  - id: 65','190.75.63.171',NULL,NULL,'2019-05-19 23:42:41'),(723,1,'MACROALI','Editando producto (relevancia): Caja Magia 50 Trucos  - id: 95','190.75.63.171',NULL,NULL,'2019-05-19 23:43:42'),(724,1,'MACROALI','Editando producto (relevancia): Caja Magia 100 Trucos  - id: 96','190.75.63.171',NULL,NULL,'2019-05-19 23:43:42'),(725,1,'MACROALI','Editando post (relevancia) id: 6','190.75.63.171',NULL,NULL,'2019-05-20 00:12:01'),(726,1,'MACROALI','Editando post (relevancia) id: 7','190.75.63.171',NULL,NULL,'2019-05-20 00:12:02'),(727,1,'MACROALI','Editando post (relevancia) id: 8','190.75.63.171',NULL,NULL,'2019-05-20 00:12:05'),(728,1,'MACROALI','Editando post (relevancia) id: 9','190.75.63.171',NULL,NULL,'2019-05-20 00:12:08'),(729,1,'MACROALI','Editando noticia: ¿PUEDO JUGAR CONTIGO? - id: 6','190.75.63.171',NULL,NULL,'2019-05-20 00:13:15'),(730,1,'MACROALI','Editando noticia: ¿PUEDO JUGAR CONTIGO? - id: 6','190.75.63.171',NULL,NULL,'2019-05-20 00:13:29'),(731,1,'MACROALI','Editando noticia: ¿PUEDO JUGAR CONTIGO? - id: 6','190.75.63.171',NULL,NULL,'2019-05-20 00:16:10'),(732,1,'MACROALI','Editando noticia: ¡HAZ MAGIA EN EL COLE! - id: 7','190.75.63.171',NULL,NULL,'2019-05-20 00:16:33'),(733,1,'MACROALI','Editando noticia: TerroRISAS - id: 8','190.75.63.171',NULL,NULL,'2019-05-20 00:16:36'),(734,1,'MACROALI','Editando noticia: JUEGA Y DESATA TU IMAGINACIÓN - id: 9','190.75.63.171',NULL,NULL,'2019-05-20 00:16:39'),(735,1,'MACROALI','Editando post (relevancia) id: 8','190.75.63.171',NULL,NULL,'2019-05-20 00:17:12'),(736,1,'MACROALI','Editando post (relevancia) id: 6','190.75.63.171',NULL,NULL,'2019-05-20 00:17:14'),(737,1,'MACROALI','Editando post (relevancia) id: 7','190.75.63.171',NULL,NULL,'2019-05-20 00:17:14'),(738,7,'FALOMIR','Inicio de sesión','84.121.72.236',NULL,NULL,'2019-05-20 13:43:43'),(739,1,'MACROALI','Inicio de sesión','186.188.102.108',NULL,NULL,'2019-05-21 03:06:18'),(740,1,'MACROALI','Editando categoría de producto: Juegos Clásicos - id: 13','186.188.102.108',NULL,NULL,'2019-05-21 03:09:22'),(741,1,'MACROALI','Editando categoría de producto: Juegos Clásicos - id: 13','186.188.102.108',NULL,NULL,'2019-05-21 03:09:29'),(742,7,'FALOMIR','Editando producto (relevancia): Caja Magia 50 Trucos  - id: 95','84.121.72.236',NULL,NULL,'2019-05-22 13:30:19'),(743,1,'MACROALI','Inicio de sesión','181.208.33.8',NULL,NULL,'2019-05-23 06:03:31'),(744,1,'MACROALI','Editando producto: Caja Magia 50 Trucos  - id: 95','181.208.33.8',NULL,NULL,'2019-05-23 06:03:54'),(745,1,'MACROALI','Editando producto: Caja Magia 50 Trucos  - id: 95','181.208.33.8',NULL,NULL,'2019-05-23 06:04:03'),(746,7,'FALOMIR','Editando producto (relevancia): BINGO ELÉCTRICO - id: 22','31.4.247.57',NULL,NULL,'2019-05-23 10:01:38'),(747,7,'FALOMIR','Editando producto (relevancia): BINGO ELÉCTRICO - id: 22','31.4.247.57',NULL,NULL,'2019-05-23 10:01:57'),(748,7,'FALOMIR','Editando producto (relevancia): BINGO BASIC AUTOMÁTICO - id: 21','31.4.247.57',NULL,NULL,'2019-05-23 10:01:59'),(749,7,'FALOMIR','Editando producto (relevancia): BINGO ELÉCTRICO - id: 22','31.4.247.57',NULL,NULL,'2019-05-23 10:02:01');

UNLOCK TABLES;

--
-- Table structure for table `user_status`
--

DROP TABLE IF EXISTS `user_status`;


CREATE TABLE `user_status` (
  `id` int(11) NOT NULL AUTO_INCREMENT,
  `description` varchar(50) NOT NULL,
  PRIMARY KEY (`id`)
) ENGINE=InnoDB AUTO_INCREMENT=5 DEFAULT CHARSET=latin1;


--
-- Dumping data for table `user_status`
--

LOCK TABLES `user_status` WRITE;

INSERT INTO `user_status` VALUES (1,'No verificada'),(2,'Verificada'),(3,'Suspendida'),(4,'De baja');

UNLOCK TABLES;

-- Dump completed on 2019-05-28 11:04:02
